-- phpMyAdmin SQL Dump
-- version 4.9.0.1
-- https://www.phpmyadmin.net/
--
-- Хост: 127.0.0.1:3306
-- Время создания: Июн 22 2020 г., 15:09
-- Версия сервера: 10.3.13-MariaDB-log
-- Версия PHP: 7.3.9

SET SQL_MODE = "NO_AUTO_VALUE_ON_ZERO";
SET AUTOCOMMIT = 0;
START TRANSACTION;
SET time_zone = "+00:00";


/*!40101 SET @OLD_CHARACTER_SET_CLIENT=@@CHARACTER_SET_CLIENT */;
/*!40101 SET @OLD_CHARACTER_SET_RESULTS=@@CHARACTER_SET_RESULTS */;
/*!40101 SET @OLD_COLLATION_CONNECTION=@@COLLATION_CONNECTION */;
/*!40101 SET NAMES utf8mb4 */;

--
-- База данных: `super_mag`
--

-- --------------------------------------------------------

--
-- Структура таблицы `category`
--

CREATE TABLE `category` (
  `id` int(11) NOT NULL,
  `name` varchar(255) NOT NULL,
  `sort_order` int(11) NOT NULL DEFAULT 0,
  `status` int(11) NOT NULL DEFAULT 1
) ENGINE=InnoDB DEFAULT CHARSET=utf8;

--
-- Дамп данных таблицы `category`
--

INSERT INTO `category` (`id`, `name`, `sort_order`, `status`) VALUES
(13, 'Рубашки', 1, 1),
(14, 'Платья', 5, 1),
(15, 'Футболки', 3, 1),
(16, 'Майки', 4, 1),
(17, 'Сумки', 2, 1),
(18, 'Чемоданы', 6, 1),
(19, 'Брюки', 7, 1),
(20, 'Пиджаки', 8, 1),
(21, 'Галстуки', 9, 1);

-- --------------------------------------------------------

--
-- Структура таблицы `product`
--

CREATE TABLE `product` (
  `id` int(11) NOT NULL,
  `name` varchar(255) NOT NULL,
  `category_id` int(11) NOT NULL,
  `code` int(11) NOT NULL,
  `price` float NOT NULL,
  `availability` int(11) NOT NULL,
  `brand` varchar(255) NOT NULL,
  `image` blob DEFAULT NULL,
  `description` text NOT NULL,
  `is_new` int(11) NOT NULL DEFAULT 0,
  `is_recommended` int(11) NOT NULL DEFAULT 0,
  `status` int(11) NOT NULL DEFAULT 1
) ENGINE=InnoDB DEFAULT CHARSET=utf8;

--
-- Дамп данных таблицы `product`
--

INSERT INTO `product` (`id`, `name`, `category_id`, `code`, `price`, `availability`, `brand`, `image`, `description`, `is_new`, `is_recommended`, `status`) VALUES
(34, '\r\nПижамная рубашка классического кроя с геометрическим принтом ASOS DESIGN', 19, 1529051, 1690, 4, ' ASOS DESIGN', '', 'Мягкая ткань\r\nЛегкая и мягкая ткань Lenzing™ EcoVero™ из переработанных материалов\r\nИзготовлена из древесины искусственно выращенных лесов\r\nПолностью прозрачная цепочка поставок\r\nТакой процесс сокращает объемы использования воды и выбросов парниковых газов на 50%\r\n\r\nОсновная часть: 100% вискоза.', 0, 0, 1),
(35, 'Белое платье мини А-силуэта с запахом и вышивкой ришелье ASOS DESIGN', 19, 1581243, 2690, 3, 'ASOS DESIGN', '', 'Вышивка ришелье\r\nМы сотрудничаем с Better Cotton Initiative для повышения качества производимого хлопка в глобальном масштабе\r\nЭто обеспечивает лучшие условия для фермеров и окружающей среды\r\nBCI проводит специальные обучающие тренинги для фермеров\r\nЭто способствует более эффективному потреблению водных ресурсов и сокращению объемов использования наиболее агрессивных химикатов\r\n\r\nПодкладка: 100% хлопок, Основной материал: 100% хлопок.', 1, 1, 1),
(36, 'Кроп-топ кремового цвета The North Face эксклюзивно на ASOS', 19, 1679318, 1590, 2, 'ASOS DESIGN', '', 'Мягкий дышащий трикотаж\r\nТкань для футболок\r\n\r\nОсновная часть: 100% хлопок', 0, 1, 1),
(37, 'Сумка из натурального ротанга ASOS DESIGN', 19, 1587209, 2790, 6, 'ASSOC', '', 'Структурированный ротанг\r\nДля текстурного разнообразия\r\n\r\nОсновная часть: 100% ротанг. Подкладка: 100% полиэстер. Ручка: 100% полиуретан.', 1, 1, 1),
(38, 'Джоггеры в стиле oversized темного сине-зеленого цвета ASOS DESIGN Petite', 19, 1734415, 2190, 3, 'Petite', '', 'Мягкий трикотаж\r\nСтиль и комфорт - образ жизни\r\n\r\nТкань: 65% хлопок, 35% полиэстер Отделка: 100% хлопок', 0, 0, 1),
(39, 'Черные джоггеры в стиле casual с присборенной талией The Couture Club', 19, 1602042, 3490, 5, 'The Couture Club', '', 'The Couture Club - это бренд необычной повседневной одежды. Этот стилевой бренд, базирующийся в Манчестере, предлагает ассортимент футболок, свитшотов и худи, которые отлично сочетаются даже с туфлями на каблуке. В его коллекции также имеются обновленные модели из денима с рваной отделкой, принтами логотипа и свободным кроем, что делает эти модели более оригинальными. Пришло время стать членом этого клуба!', 0, 0, 1),
(40, 'Леггинсы длиной до щиколотки с леопардовым принтом Nike Training Оne', 19, 2028367, 3790, 2, 'Nike', '', 'Мягкий эластичный трикотаж\r\nС использованием технологии Nike Dri-FIT\r\nУдаляет с кожи пот, а затем выводит его за пределы ткани и способствует быстрому испарению\r\nКак итог, кожа остается сухой и прохладной\r\n\r\nОсновная часть: 83% полиэстер, 17% эластан.', 0, 1, 1),
(41, 'Черный мягкий костюм узкого кроя из 100% шерсти ASOS DESIGN', 19, 1129365, 2690, 2, ' ASOS DESIGN', '', 'В моделях от ASOS DESIGN вы всегда выглядите остромодно вне зависимости от того, кто вы, откуда и чем занимаетесь. Эксклюзивно на ASOS наш универсальный бренд предлагает вам свою коллекцию, в том числе линии Plus (модели большого размера) и Tall (для высоких). Наш дизайн - ваш стиль.', 1, 1, 1),
(42, 'Темно-синий костюм в однотонную клетку New Look', 20, 1128670, 3090, 0, 'New Look', '', 'New Look является частью отличных британских брендов уличной моды ASOS, предопределяющих стиль будущего и всегда находящихся на пике популярности. Мужская коллекция New Look, предлагающая футболки с принтами, обувь, аксессуары и многое другое, навеяна классическими фильмами о бунтарском движении и сочетает в себе лучшие элементы непринужденного стиля.', 0, 0, 1),
(43, 'Темно-бежевый пиджак скинни New Look', 20, 683364, 2190, 2, 'New Look', '', 'New Look является частью отличных британских брендов уличной моды ASOS, предопределяющих стиль будущего и всегда находящихся на пике популярности. Мужская коллекция New Look, предлагающая футболки с принтами, обувь, аксессуары и многое другое, навеяна классическими фильмами о бунтарском движении и сочетает в себе лучшие элементы непринужденного стиля.', 0, 1, 1);
INSERT INTO `product` (`id`, `name`, `category_id`, `code`, `price`, `availability`, `brand`, `image`, `description`, `is_new`, `is_recommended`, `status`) VALUES
(45, 'Светло-бежевый узкий галстук и платок для пиджака с цветочным рисунком ASOS DESIGN', 21, 1563832, 1090, 0, 'ASOS DESIGN', 0xffd8ffe000104a46494600010100000100010000ffdb00430006040506050406060506070706080a100a0a09090a140e0f0c1017141818171416161a1d251f1a1b231c1616202c20232627292a29191f2d302d283025282928ffdb0043010708080a090a140b0b142a1c181c2a2a2a2a2a2a2a2a2a2a2a2a2a2a2a2a2a2a2a2a2a2a2a2a2a2a2a2a2a2a2a2a2a2a2a2a2a2a2a2a2a2a2a2a2a2a2a2a2a2affc200110804b0038403011100021101031101ffc4001b00010003010101010000000000000000000001020503040607ffc4001801010101010100000000000000000000000001020304ffda000c03010002100310000001fd50000000000000000000000000000000000000000000000000000000000000000000000000000000000000000000000000000000000000000000000000000000000000000000000000000000000000000000000000000000000000000000000000000000000000000000000000000000000000000000000000000000000000000000000000000000000000000000000000000000000000000006673dfa759f56a0000000000000000000000000000000000000000000000000000000000000000000000000000000007197e73cfdba4b7d4dbedc7bea00000000000000000000000000000000000000000000000000000000000000000000000000000001e0c6b07876f4575948d4deefc2d40000000000000000000000000000000000000000000000000000000000000000000000000000088c4e3d723975d2d67ad95ce9a948f474c6cf6e40000000000000000000000000000000000000000000000000000000000000000000000000000738f9de1dfc3cf7abbc5b366a215cd66cd0edc74379000000000000000000000000000000000000000000000000000000000000000000000000000f1635f3be7ef53453bea533550965e6549d4d8edc7d1a8000000000000000000000000000000000000000000000000000000000000000000000000065f3de079fbdecd3b249222d5ce2d54962bb6f1abd7975d400000000000000000000000000000000000000000000000000000000000000000000000018bc7ae0f1ebeeb3dfacd7366ae5226a92f4b3945f5367d1c2f4000000000000000000000000000000000000000000000000000000000000000000000001ce3e7f877f073dfbae7d25b52928b9496d6565b597d6757bf1bd000000000000000000000000000000000000000000000000000000000000000000000000738f94f2fa60d1b2f2c45f59aacd4c445aa8bdf58d4efc6680000000000000000000000000000000000000000000000000000000000000000000000038cbf35e5f4733452da896c4d9596d6573557b3b6f3a5db90000000000000000000000000000000000000000000000000000000000000000000000000e59bf37e6ef2becb04546572692df59a4b58d1efc7d7d320000000000000000000000000000000000000000000000000000000000000000000000003966fcef9fbda5ee5ec89565336d65f5233a9b06977e3e8de400000000000000000000000000000000000000000000000000000000000000000000000071cdc3e1dec74ca8bdb598ce9673cd85e9aca5e9bc69f6e5d3500000000000000000000000000000000000000000000000000000000000000000000000005230bcddcbd88292db59b4b64a4b496fa9e8e98d2ebca68000000000000000000000000000000000000000000000000000000000000000000000000446279fb729ae91d352b2a5a5968e9655692e97a387af79000000000000000000000000000000000000000000000000000000000000000000000000006772de670eddf5265e9acf3cd958b225e9725d1efc7d1bc800000000000000000000000000000000000000000000000000000000000000000000000003339efc1c7ada5e8589b39cbccbd939be8ebcf4bb72bd00000000000000000000000000000000000000000000000000000000000000000000000001e7cdcae7d39e3739b31db539e754b292f5d67a59eeebcfd9d300000000000000000000000000000000000000000000000000000000000000000000000000793173b9f4f3677da2e7871bf559167297d1acd8f675e7eee9ced400000000000000000000000000000000000000000000000000000000000000000000000158cfc6fc38df1e7be876b2c85c4e7d3ddacdecf459df78d0ebcfaea00000000000000000000000000000000000000000000000000000000000000000000000072972b974f2e3513568ef6565926c4b8f35a7acfa358d4edcbaea0000000000000000000000000000000000000000000000000000000000000000000000000148f97f3fa2d9b7394b73aeb34952df5992c6efa7cf7a000000000000000000000000000000000000000000000000000000000000000000000000000f9df3f6675d22e5f52b2f3966c1497d3d39ebf7e400000000000000000000000000000000000000000000000000000000000000000000000000030b8f5f3f2df75efbc531a54d949692acd5efc7d5bc8000000000000000000000000000000000000000000000000000000000000000000000000000cae5d3c3cfa7a12651354ca6aa5b59dbf47100000000000000000000000000000000000000000000000000000000000000000000000000003cb9b87e7efdd7a25acae6c16d4e6beeebcb43a6000000000000000000000000000000000000000000000000000000000000000000000000000001f39e6ef75ec95cea6c142a6f7a7cf6a0000000000000000000000000000000000000000000000000000000000000000000000000000063f2e9cb96ed35293a949687a7a635bb72000000000000000000000000000000000000000000000000000000000000000000000000000000cde7bf0f1edd92d6526a994ea6876e3ede99000000000000000000000000000000000000000000000000000000000000000000000000000000f2e3591c3b77b233a816718dff00579ef40000000000000000000000000000000000000000000000000000000000000000000000000000003e6fc9e9ef672cde6bdec8b343af2d0eb8000000000000000000000000000000000000000000000000000000000000000000000000000000e5185e6f47796dacf9f3aed56b984daf4f1000000000000000000000000000000000000000000000000000000000000000000000000000000f073d6771edd224ad25b596b357d1c3a500000000000000000000000000000000000000000000000000000000000000000000000000000313875e5cfa77b985a4b6d4888974bbf1f5f4c00000000000000000000000000000000000000000000000000000000000000000000000000001e3c6b238f6b635db59b594cea0b5907ab78d2efc80000000000000000000000000000000000000000000000000000000000000000000000000000c0e1d79e37da592da88a4ab3a17d675bd1c4000000000000000000000000000000000000000000000000000000000000000000000000000797370f877be6f6b24959415074b9d8f4f1000000000000000000000000000000000000000000000000000000000000000000000000000197cba6772e9697a1d6c1589a5466cd9b3e9f3da800000000000000000000000000000000000000000000000000000000000000000000000000317875f1f3e9dac9cdb97de6b9d0b6b311135a9e9f3f7d4000000000000000000000000000000000000000000000000000000000000000000000000000f9ff3f7e78d5ce964e6cd4ea466c17d6625f7f7e3ebde40000000000000000000000000000000000000000000000000000000000000000000000000158f9cf2fa7ad95ceba59d2cacb25ae79e756d49af6f5e5ede980000000000000000000000000000000000000000000000000000000000000000000000000070cdc4f37a2c59217a24ea467426c824f5f4e7efedcc00000000000000000000000000000000000000000000000000000000000000000000000001e5cdcaf3f7896d62256f649128b5cc2f7de34bbf20000000000000000000000000000000000000000000000000000000000000000000000000078f1acfe3d79e35357b24896c96b2b3449b15b3e8e0a00000000000000000000000000000000000000000000000000000000000000000000000003c1cf7e0e1dad656593a6b3128985442ab66a77e3e8d400000000000000000000000000000000000000000000000000000000000000000000000003338f4f271eb15d759ae6c96b2ab3134050f474e7a9db98000000000000000000000000000000000000000000000000000000000000000000000000195c7af0e5be72f5b2d6525b16d4aca96d64158e5a6ff00a7cf20000000000000000000000000000000000000000000000000000000000000000000000000c8e3d7972d882d5244b296b2ab12dae4be69763d1c3d5bc8000000000000000000000000000000000000000000000000000000000000000000000000c6e1d7973e97b23355645466cd5f59a6744b6a7097d7d39ea76e6000000000000000000000000000000000000000000000000000000000000000000000000323875f372e9d0beb34ce957b20882df59a4b31e75f46b3afe8e17a000000000000000000000000000000000000000000000000000000000000000000000000c3f377ae75626c5919d493622ab365ac8cde0bd93dbdf97bba600000000000000000000000000000000000000000000000000000000000000000000000030fcdde336c5659ab591289480b365ace12f7b166c7a3880000000000000000000000000000000000000000000000000000000000000000000000061f9bbd336e482abd759a6742d6409567097b235353bf1efa800000000000000000000000000000000000000000000000000000000000000000000000c3f3f6ae352b7b053366cbd95ce956b98589789d2cbd9e8de34bb73000000000000000000000000000000000000000000000000000000000000000000000007cff0097d1d6c66892a482692acbdcf3cef99d2cb5906bfa385e80000000000000000000000000000000000000000000000000000000000000000000000f9ef2fa3ac5f5299d4928aa66cd5ecacb297d4f1635e8a9b2c7afaf2f775c00000000000000000000000000000000000000000000000000000000000000000000001f3fe6f45f166ad6565b435225948a4a25382fa2e6ab24d9b3e9e000000000000000000000000000000000000000000000000000000000000000000000007cff009bd1d62b9aae96525b16b9e7352934885e65ace96089747bf1f4ef200000000000000000000000000000000000000000000000000000000000000000000148c1f2fa7b5902516b22594b59ca595b5931c96c93407a7a73d2edcc0000000000000000000000000000000000000000000000000000000000000000000038e6e3f9bd05e9acc650b36495cdb597b2b2c55ece12f7b39ca00d9f4f9ed400000000000000000000000000000000000000000000000000000000000000000000f2e359dc3b56555ec8cd1362216d64a52689ccee732fa912acf675e7eee98000000000000000000000000000000000000000000000000000000000000000000007931accf3f7bd9496f65aab9a2d64096d612935c8f4eb3cb3548b6a74b35bd1c400000000000000000000000000000000000000000000000000000000000000000001e4c6b33cfdec4d912d25ebbc467525b59ae694838675e8d66d6715b1241a9e8e1df500000000000000000000000000000000000000000000000000000000000000000000f1e359be7ef6a948225b559292dec9b2b9d4a2b8675db59145e961076de74fb7200000000000000000000000000000000000000000000000000000000000000000003c58d67f0ed62226a4acb62dacf3cea4bd94964a59d6c14cda2dec16d675fbf1b50000000000000000000000000000000000000000000000000000000000000000000f0f3de6f0eddb598cdacbd359aca5b59044a2f67397d9d7979b9f4896d6732c4293d9d797bfae000000000000000000000000000000000000000000000000000000000000000000078b9ef3b87617b2b9d5b52d7312d65bd9044b356b9f46f155f373da5849b2f559566d7a780000000000000000000000000000000000000000000000000000000000000000000f073df8f974e79d49d6cae6cd46f119d4960466c6a7b3af2f56f399c3b4131c26af60b2697a38fa3500000000000000000000000000000000000000000000000000000000000000000033b974f1f1eab225bd4c9596753a59ce592d519b43dbd797bfb73c7f3f7e78d5aca925659b3d3d39e9f6e600000000000000000000000000000000000000000000000000000000000000000199c7a78f876e9bcc095659226965ecaca59483d5d79e875e7e2e7bf071eb6222b57b044bb1e9f3de8000000000000000000000000000000000000000000000000000000000000000019dcba78f8f592d73554b6d66d149a9d4ba739a44d9eaebcf43af388c6f3f7995671cde846974f675e7ede98000000000000000000000000000000000000000000000000000000000000000006571e9cb9eeb2c2f4b9e7343a582b2cd936573a1ecedcbdfd798cee3d3c9cba4d2c8950abd9b3e9e000000000000000000000000000000000000000000000000000000000000000000cae3d7cdcb7d2ca4d497b2b28b5912c13649497d5d79e976e43966e3f9bd16b2c723ad822347bf2f4ef2000000000000000000000000000000000000000000000000000000000000000064f0ebe7e7d2c9355964e9acd33a13644a26c83d3d31a5db90197c3af2cea0e135d92094f46f3a7df90000000000000000000000000000000000000000000000000000000000000000197c7a79b975122c9966cb594cea0e9acd31a8a9d4f5f4e7a1d7981e6c6b2fcfdc74b38c5e849ade8e1d7500000000000000000000000000000000000000000000000000000000000000006470ed5cda66c2f4b290582f65651d359e79aaf5f4c68f6e400c7f3f7a62aa8bd2e40f574c6875e6000000000000000000000000000000000000000000000000000000000000000323cfdb96377d679e6cd5cac556c9355cd9ab6b3497d5d31a5db9003c5cf7e3e3d26b9cb12cd96b26cd8efc66800000000000000000000000000000000000000000000000000000000000000327875e3cfa0b5959649b22582c8a896a74d67bef3a5db9002230fcde8b4a2a82d44f7f6e5ece99000000000000000000000000000000000000000000000000000000000000000c6f3f6a6755cead65f59a67525aca4b24d822583d9d796876e60019dc7a797975b59ce2da9222da9b1e8e20000000000000000000000000000000000000000000000000000000000000018de7ed5ce91596d65acacb0b7b9acd48b20897d3d39e9f7e4001cb372bcfded511c65bd82f668f6e5e8de4000000000000000000000000000000000000000000000000000000000000018fe7edcf3b892c556c5aca4a8bea56582f654f574e7a3db98000c6f377e58ddf59a9241277de357bf20000000000000000000000000000000000000000000000000000000000000064f0ebe7e7d2c93488966cb15582facd33a88e9bcfa378d1edcc0007939ef3f87694a8ab582b2ebfa3875d40000000000000000000000000000000000000000000000000000000000000317cddd2d33556b22545ac9a8960b59cf36fa9df78d3efc8000446479fb1471964926cf56f1a3db9800000000000000000000000000000000000000000000000000000000000026279bd15c6af65259ab59496f0b26a92cd9739cbe8de353d1c40000cfe5d3c7c7a4d011115366d7a385a80000000000000000000000000000000000000000000000000000000000006279bbd31bb5ccd44b05ec89516d4820924beb3ade8e20000525c5f377b02a5ac911eaebcf43ae000000000000000000000000000000000000000000000000000000000000060f9bbdb3a889a94aa8bd959649482259b3d1d31a7df90000032b875e58dc1cd6d249157b36bd3c000000000000000000000000000000000000000000000000000000000000060f97d12466aac2c4a26c4a89d661625efd39eaf7e400000f363597e7efd359a41412aba3db8fb7a640000000000000000000000000000000000000000000000000000000000030bcddd9b34cda9d35208945ecaca89d652df79d7f471000000c5f377ae74391db595912f4d6763bf2000000000000000000000000000000000000000000000000000000000000c3f3f6637526c66cd4a16094b6a573a45b52dacebfa388000007839efc9cba565e70ab130ad2efc7d7bc8000000000000000000000000000000000000000000000000000000000030fcde8b473945ecae748b6f304cb364d94cea25edd39ebfa3880000072cdc4f37a3b6b348e4bd81365acd9f4710000000000000000000000000000000000000000000000000000000000061797d1688a88897aeb3cf3a92da9044a2d65337a6f3b3e9e0000000317cfdb8e376b99a9a40b1a3db8fa7700000000000000000000000000000000000000000000000000000000000c1f377675616466aaf652583aeb3cf3656483a6b3b1e9e00000003c1cf79dc7adc9391d09492fbcec77e400000000000000000000000000000000000000000000000000000000011f3fe7ef39d5d2f55299d4d97d679e37297de6b9a59b2759daf471000000148c1f3f7ecb5883e5faf3d38d1cefbe6fbfb71f674c80000000000000000000000000000000000000000000000000000000023e77cbe9ed644a5b5cdace58d5acbd9cf3a2df59105f59d8f4710000000313cfdab9d0f93d76f98efe3db4dd8a73e9bd8d6efa7800000000000000000000000000000000000000000000000000000000023e73cbe9ed5666b342c91496c8d4e7cf76b2fbcc4b366cfa7800000001e0e7bcfe3d71b58e3da60eb1e84c39afd0f8f4d59763d1c00000000000000000000000000000000000000000000000000000000039c61f9bd3681d2ca6696facc4b012d55cd17de62cdaf471000000022303876fca7af0d2d4d6bbc28d38fb3e1db5378d1edcc0000000000000000000000000000000000000000000000000000000039461f97d362b2d92fa8945b59ae7504936466aafbc6cfa388000000032b8f4fcbebd72f2edcf2b37f404d1f3f7def470eba8000000000000000000000000000000000000000000000000000000001ce303c9eae964159662facd65b2db5889a124d912ceb3b7e9e0000000001e4cde18d656759b35ea8d8d675fbf20000000000000000000000000000000000000000000000000000000001ca30fc9eab0b2089496b39cd593aea565942cd9166efa7800000000000223c99d76d67b50000000000000000000000000000000000000000000000000000000000e52e3f9bb979e35d359a82b2db59a66c9d352b2cc4574de36fd1c40000000000000000000000000000000000000000000000000000000000000000000000038e6e2f97d3d759e72f396f64912c597b299d5aad725a474de773d1c0000000000000000000000000000000000000000000000000000000000000000000000003866e3f97d36b26ce59d5aaf728acb157b292cc5b5046a6efa3800000000000000000000000000000000000000000000000000000000000000000000000070cdc7f3f7996627522513622aa26cacb25f5956dfa3800000000000000000000000000000000000000000000000000000000000000000000000079f371bcde8e9646689d44a24242d62fa95945f78dbf471000000000000000000000000000000000000000000000000000000000000000000000000f3e6e379bd36b2c8966c14952df598889556b2b2acdef579c000000000000000000000000000000000000000000000000000000000000000000000003cb9b95e5f442cd96b2b9aabd9cf3a94b52c85174e52fd07afcc000000000000000000000000000000000000000000000000000000000000000000000001e3c6bc1c7af3cea25b59295594b5533ab593644ab225b6b3b9e9e0000000000000000000000000000000000000000000000000000000000000000000000001e3c6b37cddeda949449290b116d2b02d64416a6f7abcd6a0000000000000000000000000000000000000000000000000000000000000000000000078b1bcdf3762b594a04a44d459d2ca4b30d4939cbbfeaf35a800000000000000000000000000000000000000000000000000000000000000000000001e1e7acfe3dd02f6525a92040e9a9cd594d459bbe9f3da800000000000000000000000000000000000000000000000000000000000000000000001e2e7bcde1dad644b05eca4b00bd959616e9419b3bcee7a7cf7a000000000000000000000000000000000000000000000000000000000000000000000007879ef3b87692d644b58b6a565136592b9d455922da46f7abcd7a000000000000000000000000000000000000000000000000000000000000000000000007879eb3f8f7ac5ec92b28b59596a5d26ab9aab6a532dbf579fa50000000000000000000000000000000000000000000000000000000000000000000000033f9efc5c7ad6516b20acb726cacb04d9629289d4daf479fa500000000000000000000000000000000000000000000000000000000000000000000000337974f0f1eb6b2b9b34b244a8b6a56582d622ab166efa7cf7a000000000000000000000000000000000000000000000000000000000000000000000006772df8387682fa912c02f644b074b292d4b59250ddf4f9ef400000000000000000000000000000000000000000000000000000000000000000000000cde5bf1f2eb59a25d2ab04a5aa92c96b2251162b77d1e7b5000000000000000000000000000000000000000000000000000000000000000000000003338f4f1f2eb7b39cb074b2b2c16a94ae6c96de6b2c4b166f7a7cf6a0000000000000000000000000000000000000000000000000000000000000000000000065f2e9e3e5d632bea56517b292da889648a9b98968bbbe9f374a000000000000000000000000000000000000000000000000000000000000000000000006672e9e3e3d60b54a55517b9a4d4125f59acd562f650dbf4f9fad0000000000000000000000000000000000000000000000000000000000000000000000031f8f5e1cf7310b6b15cf36d564acaa92c94942cdaf4f9fad000000000000000000000000000000000000000000000000000000000000000000000003238f5f271eb7b92a27524a4a2d6258a44d95cdad6dfa7cfdf500000000000000000000000000000000000000000000000000000000000000000000000191c7a79797598b585a82d673cdb55ac14945eca4bb3e9f3fa350000000000000000000000000000000000000000000000000000000000000000000000018bc3af2c6e3360e9a9588591656545f520e73564beb3a9df8fab500000000000000000000000000000000000000000000000000000000000000000000000187c3b71e7be9652592d670c6ba54d93644b05ec896aa4d7f4f9fd5a800000000000000000000000000000000000000000000000000000000000000000000000c1e1db8f3dd92d513492fa88a28bd9496c4122b53d1c3d7ac8000000000000000000000000000000000000000000000000000000000000000000000030f875e1cfa48b2f5cf1a9b2f6494960eb67396a5c9b34fbf1f66f200000000000000000000000000000000000000000000000000000000000000000000000c0f3f78cdacb0417b39e757b2d6562560bd945449a7e8e1eede400000000000000000000000000000000000000000000000000000000000000000000001f3fe6ed4ceed60e79d5ac9b299d5acbd829296f73551a3db8e8f4c00000000000000000000000000000000000000000000000000000000000000000000000303cfdb963a5905acacb43ad9ce54b7b05659b2f651743b71d2e98000000000000000000000000000000000000000000000000000000000000000000000007cef9bbccb5964b54451496aa44cb7b26ca4b12df53dfdb8e974c000000000000000000000000000000000000000000000000000000000000000000000003e73cddeb8df6de699a2689cf3a92f640262da94947b3b72d6ebcc00000000000000000000000000000000000000000000000000000000000000000000001f3de6efcf3ab16b299d4d4a4d94cea4bea4244a2d6733d7d31b3db9000000000000000000000000000000000000000000000000000000000000000000000003e67cde8bcb584b7d4884b364d95ce965ec88aad65b6b3e8de36fbf2000000000000000000000000000000000000000000000000000000000000000000000007cff009fb71c74bd95cd98b6f35cea0bd936533a9b2d64119b55d9f4f9fd9bc80000000000000000000000000000000000000000000000000000000000000000000000291f37e6f44e756b2b2d8582093a59496259b166875e7a7d798000000000000000000000000000000000000000000000000000000000000000000000000e32fcf79bbb3aebacd73a926ca8525acacb07bfb72d6ebcc00000000000000000000000000000000000000000000000000000000000000000000000001e7cdf9ef377bb5d2e6b2a513656582dacfb7a73d7edcc000000000000000000000000000000000000000000000000000000000000000000000000000797370fcde82f4b2b0594839cbedebcb6fbf200000000000000000000000000000000000000000000000080549399d0b0000000000000000000000001e4c6be7fcfdfa1d2ce73489b3d7d79edf6e40000000000000000000000000000000000000000000000003818a679a6679d4fa900000000000000000000000007931af9ff003f74b7b07afa6377bf1000000000000000000000000000000000000000000000000007c49a67a0cd2e7d5000000000000000000000000007933703cfde33ad0edc76fb73000000000000000000000000000000000000000000000000000f39d01e43a9ea000000000000000000000000001e5cdcfc6f6baf3000000000000000000000000000000000000000000000000000000000000000000000000000000000000000000000000000000000000000000000000000000000000000000000000000000000000000000000000000000000000000000000000000000000000000000000000000000000000000000000000000000000000000000000000000000000000000000000000000000000000000ffc4003010000102050304010401040301000000000100020304101131122160203233412213233042051434435015248040ffda0008010100010502ff00d31166b783143c72d8b11b0db1a3be339ad010d94189f51bcae626043514b9ee80cd028c7163da439bca09b08f35a95ae98dd2450654bbf43b93c47b61b66239889a1cf4c8618c4283b901bcac4bf268f1db094489ad066b2c6868f48507751fb3e0c4fa8de473131605dbc285f510d82f48519dd4d0623e1b0436f229899b87e21c1f90c50a3ba182bf7b2630c42d6868e4311e21b2346315b62e2c8418b65fad1dde87690bf6630bdcd6868e4311e18d9a8c633831cf10996472bf5086734fd542617902c390c58821b66a3173e140364cc8a7ea9bdd4fd6142d5c8e2bc436c78a5cf830acbd268dfdfbf564deea4385b72288f0c116239cf850b4008e10c9e8080b985083391c5882188d10de0334b850f6a08ad48d21b4b8b18183913dc18d8cf29acb26f72210c20acb09ca1c22e400039113611625d431b26f751db04d4690e16fc9233f53dbf337d937b97b776b721005c61c30ce4b1666ce776e15be09b9089472a1c32f4d6868e47162b61a8919ef560d676b58aff1256a57298ddc7c9cc836e48f986353e3bdeb490805650dc62bae9eedf2b4ee990894d01a390b9c1a1f342ce2e8ab4a0135628227cc5d06a65816437bd321b59c8a2bc436ba61ee4457ba975a95ece976b5add4dbc36fd44c861bc91ed0f696a865f72b5ad64af9b8687afa4831a8358d098dd2de4af6fcc156a9a695e94bb7544e4d35b4609b9c56c8ef5976da1f269d098afb56f72ac9a35bf93ccb6f06f74da5acbdaf4edd4ab794b9ba5ed1bded51826e725a34b7944d37ef5f6a605e9005e2f299d1f16d315c0941f6f94cd3754162d402bd308a65b4f2929b7b009ed704355f4dd594abb95453a618d88594dd8fbca8674c4e53387ed37143ba14ee10cea6728987eb88de8cd32a5cdc727997e967a086c8d73497f27278cfd711bdd8286c4d72a1f93934cbb4c11809b8c548a7be4f3a50ce1610dd1a0d91156eede4b33bc55914cd7088dd40f17253f389eb1d6111652be2e48e3668eda0dba328a1497db92c7da0fea3644597a19b6d4eeacb777249936836da84506dd19a4bf93924df89b4086314c235ca0ed27924e762ca141d0765ed45b1872eed50b91ce77532299e8b5a8712a6cee4735b46b6d43bd73508a2a13c80371c8a67ce0ab6f435eee98789775d9c8a6bce857d916ae69ed306f04e98bc8a63e51af6410dc506c8f543eeba61d4de4317cd9ae6a0d91da9744519dea58edc8627986c6b9a8445a836564cefb269d11390bfcd4229759e8c501b1ff2a1882ed4ce407bc8b5014ea059ab77a8f220a5cd9fc83f61bd4223abb8269fb970ac11b84d3a9bc7f25775414765efd9c50fc903ff006697b2977720f54cd4235c55fdf6ab4e97f1f87822b9a8a8582bfcad3a55d6cac4280ed4ce3afec676e2b871c2ca1f247608615bee3b6a1436505d67f1d8fe1028d5ed046b9e8ff29dc0be9f5469d4de3935e0eea8a82ad6a9a157fb88ed1352b2b2963c766bc0bbab9a8450584e14ff002d9387c47c82098eb3f8e4d7855d7a44d866bea98442ff0022bd3d520bb5338dcdf86836445735cf43b68d472b95b2b1501d67f1b9bf08dc502c14364718a66b675f62835109bb8a17269d4de3539e3c21bd4222d406cad5ca0a5fe4ad62b515fbd0a96771b9bf1d3baa3758a5d1153ba95ccc36cfa3c5da1d71b2dd35da5dc6a6c90c387219cd3d3412dc54ed4c2961bc504b1a4142c5610cd0baea03af0f8cce6023b5027057a775456568f1a5feae42794765e940759fc667282b7450a1f9741cca5265bf1a5b66136d8ab518ed4de31359140b050288a0445e98a4ae51dc60ecac57ef4d4a59dc6670fdccd46f4281445308dab2c77a4cb7e48271d42ad3a5dc626bcadda829dd5ba3b53dfa52bdf488dd6c58a34d96cac88de03aece2f37e4436476ae7a3d857b22a5bc958d7644b856516e0501509d67f1798f369a9ae6a375ed0503c958edd50e97d9b7b5613b5338b4cf9dabda183b52fbd46e8d25cfcfa1edd2ea6225e96b29777cb8b47f3a1bd423b501b222b9414b793a264585f6d916a69b85b85740dc7158fe6a67a3141d1952de4e822e2d6286cbf6bd65cedc5631ffb34bacd42b52f6e897efe98ecf951db2ba165629a74bf8ac7f38d91d8d0ee299a8d91a4b793a62b7532f75b2b1429eeea03b5338a46f3d2d6a0dba335055aca5bbfaa237444b21871f9560bb4c4e291778d405114c2342b2af41650368bd530dbb7da77c807dc6cad484ed6ce271bcd9a835c1b57b90a4bf93a8eeb70762882b06d4b9b4bbacfe2713cc8ef51bd708d02f4a5bcbd732da0253b7476add34ea6f1289e557dcd7351d303cdd6f6ea6d2c984819a58a96771327eed0222b7bd450520f97f047168bb1453bbd7b1b20f20f12779056fb915cf54bf97f04c36f0f2b70880e42f6acabbe3c44f928683626b9ade907cdf85cdd2f4161d72b640261fa6ee22e1a9f41508edd5ea179ff000cd059a3b76b5c0b4a180a5df76f1027ee9dea37e83d50fc9f862b75b16560b459f6ab1da1fc40f7a28533d045308e143f2fe28e34c5147343c32eea6cb652e7e1c3fdac2211a772f4860fc6a533c9f8a6db760429daeac37687f0f6d4156ae6a370504137c9f89edd4d6d49f8c49db1813d0e2b43da41054b3eede1c10f90a0288b2082cd46eb146793f1c51a63d3f9998fa8241f120c7ff90873d07fa03fd348c28b0d432f6c4e1d0fb577541457bc235cd19e4fc736dfb775fc9ce7f4cc9b92976ca436b14d1871214ac68cd892dbbe18bc4e1b13686ded5759a8c617abee45426ed13f191716d2f11ef3702218d19a5c14f5e1afe320b9b2d08972951c3a2f89bb035cd7d1d97a1b7433bff24c43b4790fe3df126a2ff1d332ea14e420f9580f9b990d6084d1a21436e9670d882f0db846b957ae0a19a37c9f944b420e74a851e41b1549c9b249df45ad8d2ecd5138745f1b6b6ae6a0dd6e0e55ec537c9ffc04029d2d0ca830fe943e1d17c4dddb82823b57babe8e55ec99bbf90c6f13717445ba88d550b1466d1390c7f0d0ee2cac8222bdd4bd2d64cf27218fe116b21bd0502353bd6e99b45e4331e16ed41d1e823b573569f972198f0a06cbd533408158ae7924cf82d6a05914ee5ed04eae53b1c866fc1e88b501dfd533d06a7e4390cdf83a31d19a7abda994ec37b7904df8683141935eea856b2761bdbc826fc66b7bd6f62714cd414f1f1676f209bf10d89ae57b436e81bd4f633b3904e78d63a32ad406c6b9a3b0cece4137d98a5ec884699a83bdaa0dd3b10bc7c8273b4541b238341bab501decb342a1ed0f904e53d6297b2dab946975b51ddacede41395caf7ed1ae41a60a776b3b7904e6cb35cd46c88ae6a3647b5bdbc8276877a01619a8d8dba0e51c33b7904e772c235cadc1584703a0e21f8f904e7761043a320d1bb747a20da178b904ef7856a61143a8ef5bd842f17209cf2f40362685657b5ecef42a0787904d0bc6a0c5b740fc88afab58a0bba92fe1e4135fdc64501d8ecbd8e8f4459669dca5b781c826bfb8193b8a047531cafb9a8e896f072099fee17bf5418c234b5ea3656a4af839047fee2d6a0442bd2eb15cd41454a7879047fee5b822d40b21057446f4eee893f1f208ff00dc2088b53de6a3608d2f7476a49767208df28f4bd91142bba9740d91add38293c7208be71bac52f6446d956b2eea8d95af50549e79044f3acac2286cac8d32ad6217bcd64cfdce411378b4caddabddecac85060fc6b7bd253cdc81e7ef6d5bab5a9759a83b116a1dd5ee25f698e41350f445057755a51b8a5d64502359785a07207b43daf63a0bd66a36445abdd5ba2a56111c8e2c36c56bda61b97753081b235eeacb42d5c963c26c5690e63ebed1a8214083a8f2698822334ddae57ba2862f645aaea5e0fd4e04486804101cd712e00fd5869ae6bbfd14c41115bbb4abde80abd8c18222f038ecfa907f8e8da64ff8f2614d797f95976407cc426b5bfc8ffa29880230dda503747e2a5e09887824cea8531fc8c3fa50ff008b176cbb603a62ec873dfe8e62088a1d76bbd4b412fe0cf830df12231b11b0d8d86d32700985021423fe9262088cd97953abff004aff00ffc40026110001040300020202030101000000000001021011310020602130034112514061803271ffda0008010301013f01ff004c04e111d7013812031c223ac099c1e30b913d5a51fbdd43a8027129869f2c7550e982670087fb62df5a111d225339184ee5e63099e8d28fdb4e818b7d3131d18f3894c34b7db8ad4aa32fa20271298d7ef752a3a3027122064b7d3fdb17fbc2afd74604e0101831d4b9574604e010e18ea7098c2a9e8c09c488c3a9d547099e912218d7a06295d2a4461b634e352ae9523434e1cc0c2a9e9425fed8b8652b267a40270273fadce56154f48124e7e3ea2ae9027008d06a70aa30927a20273f0c0f4e4684c6133d2838634a69d2fa61ea59e9d34f7ba8c9e9d193e83e3a81783d0a3d48f3d8a4e01b28f5487bd157d526fb286bd163aa181ab45791d526f4a7ac3d4a06b4ea11d42460f42fa848f1e95574e9127d5fd74e8d2bad4356f2c6fa61e07a4b2afb15f4a2dc3cbd3afa54de0d6306abe9517e80f58a1d2a2dabd42f1420f488dab75f488deb40c474887a60f5b2841e8d14c77ad2715d1a363e88e8d35eb1a2c7449ad6b6bc9c39387c8e8934e0bd6d19f4e447422b2dc3d39d95d08af5d343df421a9ce5ed5a462c7401ebd72ea123a08c05eb6381e321a71420f411bd7a9439e16e77ad3e9a7a14de53d693b43c34e2c73a9bd6b71e823c73a9bda9ce81e35220f389bde9ebd119e7271639c45e877a7feb20ed1ce22da9ce062303d32f25a3558e6d16f4f5a07acf93107eb4872247368bc1b5680b5e2f05e464eb18441e6916c1c3d6df2324c868c03458e6be3d8197ad7e464182f3919e7272f9a46d1818e0d16e3ce79cf181e314399f8fd00ecb74178d0891cca30e95a0687f91c18396f0d3fb6508e63e3dab68c18bd13e4679c9d2314398464fb57a24c178d4f8e5d15e80f4ebd526775f2e8adadc17a65d6a8fd6434e91cba29eb63aaf6bdd43964d7ae5d7b20fd3de434e1123964561d03d6cbd864679c9d23142395456b7a569338bdd2646eaae5535a070f5a2eb74183a4679c9622394457ae9d7e8ff00ccf393aac7289a6af62fd083f5cda6b6af42ebd03c64ed231639315bd6eaaf4a6b723934d6b3b175d7a537a4e8a1e79215ec865d7a8191af9c9c3e79215ee557a9392c355083c88aca7af52abd43c69392e44f222b5ad275557ad07c311395863455f202b6af42abd683e8509e4e1e329ce0735efacfcb3f2c0416508e429ce4b1ca72eaaf624f87f8fe03f2a49d118a12391a78de9955ec41f2ca3189f9940403e344562ab92a7396d1a9af6cfde7c83f211884fe2344d62f8e191a56d7a2abda93e233f1f3851fad4f9e52bd2aaf749c0b38540e048cfc462cf1e3497ad61d55fc2fc8f2030f86bc381eb40e6ba20d5a4bd6caae885ec74ad267155d10bc9d8ef186ba217e83b9e885b47ae98f449b73ebae8d17efae891ff5e9aea116f5bd391d222f78c1b47468bec517b539c1d3a2de32763d3a2f48d2ba9437f7bd7508d8e95d3a3b1f8fb1f8fb147aa3a7f8f51ea23a2f8ff807a147a8e94c6fa145691e897ac37d0a2b610768c0e6fa1457f0157d0a6b41ec55f428ac380cbd3c607ad157d0a29e5eb497875df429a78d29ce0d57d0a2b29e378cad17d0a69abdcbe8535a5ef7aafa115a4694f1aaeba142bc46a706d181d467a2499d4e95aa953d183180cb539181e9d4afae9418c067d4a574e0c60f3b4b295faea52632fceca5478eac2a3019d14afd75a0c6032ca57ebaf06314afd7fa5bffc40026110001040300020203010101010000000001021011310020602130034112325161408022ffda0008010201013f01ff00d305580cf5c4c61512c3019eb14a8c579c0e931d5a97fcd4320f504c62952df4c183a4f4c551855390df4c35fbc067a452a3270072c183c4e011d1a97fc681a161a244e0e8898c52e5a9be9cdb7d384ce011d11318a57e59f5a7d3fdb7d32533d19318b3272185bfd307fac4a3fbd19318552741a8b709e8c98c24a8b961a8c0271298e8c98c519c0e6986a9138047464c628cb0bf41c4a7efa552a70530b73a84f4aa3f5a0b72e04e2531d295bfd30d529c023a42630ab3fd7fa60c3079c088e90a80c2bd8e4678608fef485784cfa45e04138001d11319f9e1c96b7074099c023a52304e17b68c861e7078e988f52074eab619585edd22074eb69dc793d42ab0bd6a81d49f05ab51d52879c3b2479ea96f5a22baa556e3ab25ab441faea8e16bd13e0f54bad2def05752b393a5ba0f8ea1463d3f1f50a3e7d28be9d4607a874ebf41ea567cb5ee4326ba63e4b56e3223115d34e9febde88e94d6a0e43dbfc7d2aab0ea0c611afc77d2aeb2f6ac3a24f4aba6bf5a4c8e93e47bf48cf8ff009d22f4ff007d215d22ded8bdec8323a3f92d81ca6190f7a4622fa35bdfae70744bfdb0f97b797187441e895fb3cb5b8c87868c4f83d12ede1ede70b4e7db0c4991d09bc8872f6e3641e84dfaeda725ab07405adc65397bd271067a02f7b0c234874983d00c23d230b8c974991d04e85edc6d3883cf1ad8617bd2b2723a15565bde91e89c9741e757faeb7b9f424f9e7574f0d3eb9d5264738aadefd739e3231079c5d6063830b0c2f6fe6f272359c1cdae9af69c21edbe3c8869d507eb9b5d3db8f3a10f79f1e2c7de80e786060f36bad23edede721ab1186b27232349c4991cd7c980e439192d7b7c6ca105a6309d1079af9186843debf1b2c7878c9cf190c3995ed38586bf1b9f0d1a4e20f33f27a0b4e9f1bfc83ede7406399f935bd0f8697f8dc891a4c347f19264731f26d7b4b7c7a2fc1cf19185e710ae61791ed468a121e7506472ff0025e0f55bfc7aa841d25d07975db5e95b5b7c7aaea725a349e5d76f6ffe6530d2f3e3d8f8dd079659ff00e9e72fd48d969fb798c9cf0c3c1e5977837b70ff001ec7273c6469389323955dea3c696f39588dd420ee83e7955dfaaf445eeb12349cf190c0cf28bfdbd76ff19f41f179e323541fae517fb35bdbcedf1dfa163ef9b5dfa46a8bf41f391ac679c41e4d5790c34bdd17e95f8397b05726abd61edc3a2fd2b12348d107c724abd6b4bd517ea5083af8c8c4f8e4957ee45fa9790c754991c89fdb4bf526fd4448d2321d3e0f226dbfd7bc86190e5917eb58f2d30c27449f1c82af6bf426fd6b18774983c98c87bd0b8bff0080273f0c2086419e3ce5b8d2dc7974dfb163cb830d0cbc49f3c8dbcea587964dfb163c3244e7e2345de22f8e3a5e94d3844e53a7f6f69191e3068abcf8c71c6b5bdab44dfb569fbcfcbc4e0f93fb81ef0081c71d67f996f6e3c3a6fdd030fc630208c2a39f913881c79d21ef5974dffc5f80c0238f3583ce16185ef4874df4469adc1c87b70e9be8955b0c23d09be88d646c0ef382fa235830869cbf50e8954c321efd23a25538d2f7be8d7fae03bde95d2aff005f4dbce4748ba7bdedc1e9175a5fa63a45d317bf50e8975b5bd6932e3a15d6534e43de90f6c3a1f929a9a74bf40e87e46bdefa85bdb8c21ef2ba65e933a4753f27a0611d47c8d5e82361d0fc9ea9d8743f234356f5a0383a1f93db12e2ba15b8c8daf48964d742bbd01c3b0c21ef135d0aef6321a74070ba6ba15def0d390f2e9ae8577a1d23d08ae857780e10f6c3274bd115d0aede1865e90f2e8ae855fb3ce96e3c30d11d0aef2de74b7acbd11d0aedaf48fe6f6ff1f42ab7bca69f522fa137a4e53db8390f388be8569f33a8c3b974a63a25261af7b7964263a32270a7f16b7074b7427efa52270a635ad528e9d499c3e35190c947f7a952672bc6c94cf9ead49fcb2af4427fbd69138443253fdebc89c4a3fbff00a5bfffc4003e1000010203060502040403070501000000010010021121314151606171031220819132b1042230621342a1f15052d11443728082c1f023334063c2e1ffda0008010100063f02ff003312e15755f766e9c4b94598352db56b78cd9286b121f9a29238915798eea62ccd3328c3c2a0c5482d57660d23e939a271143f9705f28dd09495a8ecad43760b922b45999a56c5829c714ca005804900142dd982b18eea77df9908e1db8a37af9a90fbaa3063b30790c14866330f0e7fe2529c7e54e299c02895fd116cc24d21e548662314562384ec46186ab138b1dde2689a19a32b3152198a71291a0400f4ced400c5fbb0458eed3b94866299467b008451df73070d0eefdd4e2b331ccaad49b918a3ac5eca1e90c1c73f8cc805b1c5760893588da5a16ece1bb29053358b1cc75b6e085f1c48637970c7671b31dad52198e654ede245605327e636941c31dba266814866399478917a458145145ea3fa307858bf3456e65e4b85ab9bf28f4ebaa8983862a42a54ed8b32886013fb9725f1da70400b9060d452d18dc148664a9ae0a560c173dc119facb0627b349504d4e2a9cc96cce8a5e91a2af96289b2154b14834b06f9a8a406629c464be413dd562ecfa2d18c02e329299ecf5f9553317315fca34539cf57fbbddeb634514eb1444ab458be5ee56b8e64309b0a12888217a158558a90c4a72ef355202ac654a5cca50c10a9052199a29d80ac03d7a29634f0ae673e5e952f3b951a6b535ccf0c5d968a42c79955699b1019a0e955ecfae0aad3b98c59a62870520bee55699695e80cd33b8852163d7c2ab6d5cd509d5fee7d6e53c73545e5517caf32aa872d99afd4bd5fa2f52ac48999d58c3df35447479351611287354b15b3eafafba0734d2c0d30fabc59a242d89b5698b1f563b6689dd6055b155e62c6a29f950e6738d8a4d23dba261f9b0ae67861eeab61522aaa46d7a2a58e3331a58da8791f2f885a34399a3d4d1a9d7a16ef994940a9e36bcc7ecf2bf17ad8a219963d90e99dcf2bdb4510cca7c221a46ce8a58fab76ccbdd48bc8f9527a58e71c108b0ccb0eedafbbc8f9e8d1a96a250cc903cdf57d1e25ca6fcc90eca8d4530fafbbd5c1b65993fd2b47a298b1fee795cd2d54af198fb348a9169dca963ebd116eb7cc67101e47a3479f978b76073146a6f27ad8f45468f7630e62e26ea6151f5f77d3a34514c2a490bb3145bb4d4eeea91b156d6f75136982db30c73b39bc2abd1e7e5f94f6725e58e618b72a47b2ab6982d1e6fafbb44aa15ab5408cc04ead2bde46c69351f552ba283f5e830f7cc13f2fabc8aab69d141f35a1698bcf0cc1354b1e6f2f0fa38d9103fe0550a87cab16a2997a2d90e9980fafba9b49494f450c5d9ed55bf2f47b3c8d8aafa3eaf2f0d28aa14e53e8072ec6bee1fabc8f6e8c7aa19db26dd5645cc3df2e9698eef27ad8f454b1a1aaa556b6a98bda85032cba5a8a62c69a9def22b57d143b362a2a746d973b86d162b46d551e5e1f4506ce0e0ae2b06df2e770a456ad5e89854bdb5786212e586d5fd17caa47092ada28f5408cb6376d5e577452c7d5a317220daf67a874187be5b1ba9292d5e47b1eb9a8d08b17a7aae58ac159e103865b8797154f4bcc7779456dc7aa8a321195aac543e554223bbfcd55b532d41bb6973d156c5a2fbbddeaf13462e6a2065d12c72d40d236740c0bcefbfa636e6173d6c523750cd58a956072cc0f27d151e61f551b98621392b563b2ddf1461ef96786b5795ef2bba26f1b889c8a137205c1cb30ecd37d7ddebd130d1390aae45d6ac365433555b6581b3d1fee7af4511dba342ac96ca8415cd5061e8b2da658ff004be9d13f2f27d11dba2968abc8d86e5f35a285f140e57eca5d53530fadce76e922e79e34550adf2ac92231cafd9a5e1eb6744c59ecf5b7dd8edd223172aaa11dd10429b514e481cac767d5e5723379dcfaa3b749054b06a23e7a0c3958aa58fadef23d948bcdc9d3ab985efcc2e55017f554fd103958ad168d454eef2f0fa39dbab5b956aa865bb6cf5915b65589a573d14c5983eaf23631dbace16b8e8df2ac42fb9e5d1a3ead452362edd60e0faafeab054ab0395235f77bfd2d5f61f40c315658ac188c6af6a9639523dda77def2bfae63bb76fa022ec5a8a72a85838210394e3374de6e31795cf4531f4487c4222666159e150f9630f7ca7c4c27d137fbbac4acfa3a15fd55508ae342b170729f137523d131675556bf4f6ab69aa90f954e20d7b729bb2947bb68fa754d48b43f48c2f6daab557854210246f94a2c444f2f0fa15a7549433fa50c5758a95632b6e408e891b46518e5fcca9dde5e1f4e898783e9185abe58c371a8e807ce518f72a8a7ff03fddeef5b1e6a61a0fa675abd3d42c5f2234055ebd5e548da3281958b56a58fafbbe972331d106ff004c458741fe53d00dd7e50235523d5abc8aabc0463f4cc26f5f30546262f48132570fe2785c784fc347f2f281e83aae119d7884884112330a868dca6d193fbad7aa6a9dde47caab43bfd48b0356aa8be138310ffda7ff009478bc1e0fe2f28f9c48d8be1e0e371a3838e389f9209ffc0a083e0fe26231088c53e2d686d0a1e171a28a18e004900ce78554268728eafa744c78791b5a0dfea735f0b43c3e111fdab8b483edfb8af87e0f0c737162fcf09f9a21f98ebffea2381c3fc3878a6514cccc30cb7047b557c4f178a21e2083fe941be86df3828201c49c16c423a8905c4341210c321659350e4e88e884ac7d5eaf4531df4791f2a1dfea48a101f54e4b8bf1110fc431937ae2f0600041c512e68ad108fd3144899a8e1f0e9f2c37191bb6c1707e17e430f045b0d273c45c7faa3f110c5c9c48cfc87ed5c488d2715068a28bb64e8f66d1e8f5e8987801c7eac1c5b85ab8fc0e3830c1c286625a9a55447e1a3e71143ca44ad1feea18a383f0b89f0fc3e5e1f0ab53bdca1e15b14758ce97ae58628a28a785deca18675010193a21a20d3fcad4b552dbdebe7a2614d43bfd6e2110563338b55f2c447eaa5c7e0c3c487116ae27e1c51f345fcd681821f11cf19880e5f98dca66c8727c7b202f7d182a5b83d7cf44c2837ffc1a89ac3642104995e727c7b203f5527d1feef7791e88258e628f66af62a4f3b9f554691fd949a0df3147b3c8f468ff0073ca2fd9a0df31472c14c59ecd2522aafa3eaf5b3d941be628f66a58fabe9d70ef98a3d9a8a63f6795ef5b3a35f7cc91293514c3eaf2b969998f65236744c3eafa741c7311ecd22a45e6fabe8b47198772fcb11d8aabcee7d7a34619846ea62cbc3d7a2963d6de8286611baa2a58f5ecfeea62c797eae543b6611fe279bc955e70d9860f23d8b150ed98619ff3291798b1ebd955f4797ead0ed98611aa91f2aad353163d7a261eaa1db30f0f76e5fd7a263d2d3b957a296314330c1bbc8f452c7aad5e6114330f0e58a98eef22f3547974123c2198787baa298ee1afeea47a262c7917a2198787dde9e1e5e149a8a62cf6791556876cc3c39d95e8a3c8f62aad30a62c7916836cc306dd337af451e46c506d9860d8b48fecaaf3163cbc2c1e9e1e0db308c795f47a5aa61e47ce0aad354f560d06d9845d2854de4555b554ebd541987fd2d30a8d22ab587d9a8a63c3c968f0e6189a8a61e47a296aa3cc58d0e618f593cd51e47f6e8fbba28bbe618fb2917a2a3cae5bf87d7a0ef98789d9ab6746afa60a7687f9a8716c145fe2cc3c47d10c1fee5579dcf568f7cc3c4dd4bf37bf44c58d555f2b56a298f0fa2e2661e26ed5b54af79c3fb3c8f9522f4b5e3cc3c4962f23e555a8a63c3c8d9d16fccac5db30f10fdca61e4549e96bcaee8f9bca8730cff245eea617fb3ca2b1e8a8fa2a58f38bd5ed984c3158572c565c715353bdf454b1f5f745e8b9e3b6e198e512e5896ab08bddf45a3caf7e78c52eccb236dc704608ed6fbba2963d4f75cd1fa6ed733e115c5111fa9abe7a28dcd1fa30c7214c99053066148440a009132bfee43e57ca41dbf816110b0ae5884a20d5f2a4fcf10f930c721c706217127fdda839bfbc0b4e185f11fda397d54999287fb299c12f9b0fe078442c2a510a86944dcd17a3df22f1b870d9c45c08e1feee8b89c536c712f88fc7e5f552657087c21a1f50167f04c221615cb18944b4538fd1863918471433885eb96313084300900893c3132a704001fe0b236dc57371c0a5d8ff00996fffc4002c1001000202020102060300030101010000010011213141516160718191a1b1c1f010d1e12030f1508040ffda0008010100013f21ff00f4c05aa66f89eddc3438e9dfabad5fb1cb39e0e2e3e2c240f8f99779a0c1816e863a3d5833575f07bcbd9544a43965a25432be461ef86ec869ed7aa4110036b1c58d0f37da7476fc61a3b5b66df14e7cc32dbef52f93f03ea85158fbcc9f0953c7cf7114cdc9e26c42dcf712a177d3cf50ec8b00998d6a601ce69995e65d9ea6329e1fed193907ca2b84325f9fe617783517eb7de2c7b5c528557f07985ae332c83096bb87c6181ea4be651a7ac7b9f72b182dc45ae60d2693bfee35c3a9839cff000c686727788e63ae48583c1578c4f9f17bf512816b443c61c8fc4be26c98e4c11545e4cc27368fbc0f8a21e66e17a0264526ff00eb330307100f828a2fde6a277d2131c7a89a0a11e1c11e1a8d315af68ee52dafe0ec3810a2b04ac67a9f5d3aeee0f8d52cbdc1bf6841cc039826347a893351f79cb46ab82339412afc4160c53e32cc547ef7da59dc17ef11731a5638baee7430e9b82743cc220a3d449fe18733aa5812b2864ffb9ad91efee70cc2e35b7961ef3ee103dfdee31c1585a61ebcb028a307a8b941c1dc157b140e25cf0984adb55f988b2af2b5fa4fa60467e7fde19465d0a3de6eb9be3b990d8cfa8d6b72ba3b98bdac1c0812081564f3b5f98936ef6fb7f01b4cf32e8bd5d437c4d1ce931886df52002c392f892ad75b0707f901d76d86998e2b99b3cd4e26ebca26b982bcb2fd349782ea1309c5e93e715efd46e35fde6df8136bd8221966e4819662e6529d59358fe23946186f544a9b7a796120a0f518225043cc9fadeec5ebfc75ea5db0fb770e771cdee680e1fbcbbb9a63c4dabccabbe78a20032f03af52dd1d37e4cf77e0fb0a863ff26e6a7599970834d6a06c4347b7f3000f27b4ce3dcebd4b8f2b6658181c3755730e58a51d02a8e214c596ddce8ae22f94c58897ce7ca0269978db8bfea569af527d1a372e6328215ed0dcca6b78e3440719f3145cf71cdb281e0a7c65980660c0d925b87f2271ea4ba0a5c429b7cfcb9a37db728f371c01a4498a03cbcca557c49ec02a52b729e2c080635055b9781cca420f1ea2a301e61f25778137f5fcb0dbb20f5302b6b67e657c430c28c772dc88d47896860e9f9998bb600df19994c1dbb9a8e7b77ea2536f54732c8c7cc7ce7bb394e32c3897ca17dca6ae0293dcf1e6620e63886c4f9980188ea327001c9c4c985f66fd49a092a381ec0cdcb4c9ac39298dbb3f5e25872b1e250fb08dfc2f6da59a0dccb73db115565356ca5a79085a9b16a01717a9833a916ce0003880adcf694077788972ff00e446fc43e0f316a98fdd3c54a9e07d4e14300c5aca259a05b2ce2fa247cbfc16c9a1f58d1951c11cc2aada954bdaf53d691e505ddb439ea1558173cb3f6a39983a3ef1fb011f334d07eb3a997e9ea8e4be08e2ba034e0989e22876fc25363c22d530fd21c9f1f71615ae098579c1ea9ea4513ee2796fb71fc2f19f94c381c1dccf3bfb4040654ac782bd5340d32185f43a7f729e3338724ac833c436b567a98f9ca43def557b0e9f389c51b97895ce9e9d46ef3b9c662d0bb452bbbd55a15a6133fdd430327bfea11cd4d28b7825dbcae26fc38f55602cb0820eaa2697f08b0363c43993e5391ab939261ddcc4fc61eaaf1a41c1c4c227bc6bf825e492a50f8fa0ff00b2eceae9f555639bfa41654cfd44ce67671ed0efff00a8f398e7712e3f6fee7b6d9f549170abde58cf26a71c7f69df0c7c7d255ef5f7c358b88e179d95291548dfaa33e7112ac57189f2a99acffd20c7c57646a7bddc6f2e3f5877c4741dfaa18febf42205c85302c17b7f0347d602bb1a95736e5ecce8df0fcc74a72fa9eda34b082bc4c16457a7dba9a25533f12eb27ca6034aeba9e1ea07b1392720e423d4f97de52871606f8864e1fc4f993059869fc408253dd4bce3ff0062dbe218476e30ccb4d476fb3d4cfc528f3fb72bb9ccf93dbb8799c77e20d2dcf1f84eeca66b9cf30f8ce260377c1ee76457ed7a9b41b56378432b59225966baea7de04374ef87888987707b8ab1bd931032f0f7383a5ea5f04172e58a777104e2683867bfce268f310434750f2cab1b9d8d0d76f130b5c56e2b083c64df94ba6d58fa95dbbace555ddc56d58e13c4c4ac8e9ee07c91d27e63cca20ff89c6673551e4d7eb3a0c24e6c85f01ea5f7827d51fb27f02793f4f32ab10d7c195d44ab33c24437fe12a2cd2e9ede7f8c19dfa95957c2647c41636639e665a8803d178e9114a8e2a1d3370517969ed3db50c571d4e8a06ff29d78b3edea5582473ef35ae3f4439c7fe472acc8f91f84aa29330d41ae3dcee68af64f094956a3a60118ecea5b7930fa93b1ab9bf78e17be27078d9f9867de155d93a3a69efc334b7315e60814e545791df72b7d4bd41b12a2be0a7d4f522b0659a53b4329dc30dad733d8b93a86f338cea6a2e38c5fd26bda232693a3ad9061f69919b731009a73ea3cc7b3eecc4dfba34a63de3b0834dfd5a83def7c4de675dcd35ecee71773c621ab7b3c44473b88b65844ccb6d7a8d796bf995818c4d071e22532cf135d8c24b1793d7f53351d6773199fea15fec361d7de6cad74f5358f2c692631c6bea3f601304183a88d0269ebc33c7e918adab1d9dc1554f82ee71a82df536231d3f32f183c4f11eded15c3aee08bc9ea276fc89f622644f725e219c10acdbe1ee17a789a650dadb26039386681ea14ce9305e01c75fe4dfbcd6e4da3cfed4ce7664f6f512f78c22e03c44bcebc9d43ed377c302f7ad2a2f3e25eae5011bb36cb158f0cbb8d58df994d9f370ca560abb30c7b3d8e25f91cb3edea2ddddc035e60d34f6a9829b7d26e23fdea6be793b9ef50f68255af47a6229344e3fb9b02c74ee5573e0a7c4f87989c4f892a7bc1f50a2bd8bfd4b0833025593e24159d26120acdbbb22f15269f98dbef0ed829638d9fb4bcd66cdc725e2fa98d36a898a7af134efde5bf03f5f50db9b7f9a50182b6ea165e454d6a638e5b8a5c795c39388a89d93c28ecea6d9ecfce182f260cfbf318a94c1145aefb30c341f36204b04d887ad3ea0b0eecfd60ea1858ad4f30e21ffb28393f486f4e7f306f65f997b1f2836d5fda85560c47c6e60bf8ab9f328bf907b1fe99bae6d9de525f471d4cd4787a80cd7dd0fcc275f499bf5facde9c40f94ed6387a9bd609b955cc1abd3ca3cb87538197ce935299580c4e92282e9c2ce1383a9dae7ccac3ca9f6f502746792019c9ebc4d35ccd64895415d9f9828fee27efb4c813afd13c37131d31014efbfee25871dce63d31b90a715da37d0fd20753c424ce1d937bd8f4f3a6f29c0ea0e5591d91c57270ce6a641b49f701d4aa3789ca60fa7f5cc6d416ba865fda99f471e18156a5ab951b4aa4d197b3fecd6fda0b1c46d911ccad0158d9dfa7be6112af7389a8b0a36fa444a7fe897794cf51536fc6f9f131a4e18fea72d4656c7bbcf99f885ee61cb1da5a1bb10a621a84c7981fb02f9987cae37ef322219dc3034fa75562bc542c0de0f92730f33306c7d1fe4acd38639a94612ce48fe04757b839f3dca2586b7e22ee76e637ed03ce233212cd7d922970fa0ca3a69e9960c944daf187a75fd1fbc2f091ab7c243e90e3e93e71f5f12e1afb45be5cfc60a735effc05a3ff00a8097f0ba87398551630a35704f01bc44686ad3dc88e005dea648d367c206049b4f4efd41f79be608ce9dc41a5d6a5b9b9df6be906b4ff005e653dfbcfa429e070f99594749706dddecee11932b98bbbb4efe572ff00ea052061baf10a8356543264a9537bc1f4e6cbd64f9cd34eb87b86a13d3b799cc36b4c0ee5bb1a1cf5137d39262fc9332ea2df2fc4cd79ea704101b8f2029f79f9cce3353daaab7c4d567bb894f95f4e6267e4cca83158e3bf4e6ffd3319803a7a63869f823d6c8eacd5dc4a0724e3c476b21fc394272a56cdb7dc35d574f72ffd8445b5705f35516e12aa305213df33686e0b02c96f844d43191a668d93370f527d37add98709869d79efc4bbce99c988e8b7b1ea6a3886626467c77109797db3578959ba9f4feb2d5e39800c6544688c22428dd9f3226347c1d9fe4e5ee3b2e6df49baf67a6cad5d619e9cdf53cb15accd178fd7cccf1b945dc5f45f8236abcea19730a5e31c92af674c3e334e30f882b4f89f99dbea74260fbc74a32b35a48cdc195e6553a392e64e17c1ccaf21f14017ddede9b69db3fa32b4c7f07fa96e37c455861899853c21e63f24bd427e31d33a75f495f08356391ca4181dea775ed2ef6b70b50358ea0b7988a5e0f6620b10f6c222b2131e0e99e1974789e4dce003e6017a687593d9f08eb7aad416ed6d2a26ec732c074e7c4289b7844afca572d63da717a9d34fb4445ee5ee5f6f1fc5f98591f7fe0663abea64705614c6181db152eb1cdcfaccdb5f7fa6aaa6f36b06b0ea2c6c844c39e4f24c4299f824142afdb5367157c4cdfc70f505a981a77e65853c4fb4bc03f07a83e29b5bc7f170d9b7b42a8ee514cca9b30c515b55194c05a3db517fd115b3b32403749e99367ce60bf7fe28f4e9ea652caa95cccddac25ca2ad874c5c455a6934ca147b9fc6573ed2eccbe1e7c41f4bf8020e98a882556e267a47bca6d007794403d1af89fe4e70cf725ab3879cc0e9ac3d32949e6fe934bf8bcccb4f33c54c86bc1fc4beafda2eef2eaa72369c1b3bee75d6a0b90e60a535c9d41e59ed2ceec7c7f9a01ce198adcb07f51b0c396ec9be0b21cc63d5e9cfb7a67ebff781e4e398d360f09d7f92847afe11cd6ff80556bbf6f32f41cc38e60d58ff002a2580a3a789c622c7d83fcf7bbaf785e853d4d8b5398798b5eb80f796f65a35c14f84a30a6263aedc3d3164eb1fde376047c2ae60bd79f106f98e6566d61bf33997f0ea0e2b5e3c7f91c533706bed326afbf307b89f03ff0001c0efa75e65bb4bca36331f261b6f60d8ee7458f30b18a0d38eb882560e8c7a6100bd53eec51ba668f3077cc0eb5fc1871c4704e1349f6e617ce2505b09a7af13e48eebe330dfb886ba9c1ff85c3d14bdd6bb8e6191b815a9b2205fbe27ee2563a4ecce7d2eb4e8fe62e4d7e3fc8888777f39e22d1c8c16fdccbbcc11459104e3e4ea6be33c6ee2a530b5569370cf152e3e3fe2568f17c3362c3c54b483466aee21307c312b38a318c38315a9527591efe9739f74fccfbcc02dfeaa25e74c16d18b66c96db3e7b9ad3b9b07ca053b184ed3da733ac42b13f5bcff00c510a3835d4cf00fb6202fa0864a0bd3e6010e63edbea0ecfc997129b3364233497e96dce84757370feef33ed18365b1dba95806660c771d7312a1c6273534be3f5987fc516b09504dcd54e331232af685becea4347ed0fda9eecce7664f6f4b6b7601133632df8993550e8fc63ccd34fccbc6352b751e2eaadba8d3819ef8f10f73b3b89583632c0b9a0a5b99e82e5ff2aebf46bb8ff0ea237d5e237723ce996e9abe9f98e272f9a75ce9aebd2db78b002665dae3b980efcf9f10da9af30b1c9b3501650e9d43c713cc30edcbf134e70eb3388b276b67705791d799be257f573ff2b00d33ee85450f370c066c75155d967cc86847c3fa9a73881571497fc920d155a7a578a37446dfea0f9784742ecf9c2f27e92caf87d6509f11d238a60799afdfdcbf136dfd26c05fb7cc6d0d9c3dc58bbb7cbfe75330b09e155cc55631ed2eed70e37d4f7c788567b873b941d62fa55fb5adf0d41f824758986d93ede630d57c7b9cea0f5bf1dc1c995f79ccdaec949ae3f5ff00616f78662c3e63a60547bfdffe75e16bfa4ad225b882d0c6c3e76450763c0d4b7c3ecc92f599ec698d96377e713b574fbfa509f23ed3cfe48f23fc5853f3ea2228937f08392acd5771e4363a8ef138c6023cbe5efccc9b224575793fe6008e99ecaf059b5f980ca63b9aed61fe0ed816c4bd32d181be3bf4a63edbec435b7de61460e87dff00870dfd2528f1c194fb4d9a839723c4146ec74ce73b98556e39581e12fe315dbcfee7fd15206e1c6180692460e46f18c41cafca73c33a3a96c8c8d90c1d3e93cc8f07c6a5bf086074f70610576753dfe12b3381d0c79864e48c556b3ca267be47b83cf3c41716d442be61d7f9356ea9ff00a3cda4bb73f19db11ac686670456658b27df094560f6151eac1cee667f67e7d27559796e551e1e7b98a8ab2424a6bed30f31d57ca585bfebfd9f786a2c53a58e3ef3b7d218d3a832f038ebfe9db161640429a7a8c1288cc6b5ff00890e6b227b26c731db94ce6088269f49659b9c41d1f68d9bff00d2198530f6a61df275e3de19dcf30297ceebbfe34df3ef0a4a587e934e6a0ab9a7d9ff00a6c93723919820f3d34872aa7397f30d682b0e25d9c422b7988ba6de3db8f493b7edcab310c617ddd408268fbc32f9991cad9dc20dde1d3f89f68a895b9a59b3640ee75c25132570f5129a773eebedff005511543f49c35fc2fdb305b8615707920ed5ec372d1b59d698ca81ae95e92bdd67344eabe316cf13b7e2ea522899373da6cdfb13fa9e6719d4ba2dc5731ce4e3644cf88eea0884e38614a15bfb7fd5460dad5bf102978fe4fca59f8851f97dc4d0b25fb788bbeebf830d358976dfd7e91d8722cf5394574fea2eb89ed89f11f57889cfd20bfdc3a7fc4c36dfe65c14aae250949e4ea6acf9cfac57770e1ffabcac620d839b332ffadb8952b8ac3188aecebdc8d30f3c24e35343191d6bd9e91fbabe72e9ef015428e48d0b8eb262799846f32db312caa5e1e254d3bdfbc78a99a0dc1f81d43b82eceeeffebc77c7337c73068a1b1e18075c81d5fbc35d1c6de094de10708ee7b0fc6e52c1f222b7c70df8f48358d92a7ce57eba82af867cca32bfa4d2c9ccd3193b23b70f987273cc4205c369b8967016cceb170c38dcc2935f6ffb333052f7ef156f73e88673f12379584f6b9589f18dbff93b358f4833b1e54f598617613a819bd724509c9c31cfde0d6429f13b5799e279c54dfb45d0f0f50259830649dbe931b0075ebfeb0d705479ad18f695c2c72c7c40298523406d847ab74061a5718bf2f9e2e233371013e6f35c4bf01ee84ddd5753267f4fa3f9fbbe330074c5f7e27293fb94612fb250c64d8cf64e03633b6dc23d9a837ef2b55aeba78994d6986fc45ecd0ffb1875a0cd366e0e306fc731a8376e1fd6fe528cfc2a55f7669c6199120376578be1a56708833c80dd2f280d73ef34aac2fb04d29e7187b8ecc8d5d563d1cc0d699b37a99c387d65d796799b2f6fdb811674e520dac82ce0e7a4cde27b7504ae01a58e14d26e0bff00b25d4ff84a3fe46546edd5f915c43c0d0314657265aee2b25ef9564c98795f0cae8cdf9c781a2db586b76208bf6485b7ceb52b409f4047ccccaaf4dbe8e685b130166cfa4bbd4cbc2439fc7e63c399baee230f87c4ad5ffdfe162db102b8784603cc33fdc567c98b8ea93fec93e84a6678a559df9f94d7a8d720ba2be13236d0683559b374f2ee2eb773141e61458ae420aea505717152ed5d19c5fc117153604ef7e16ec4752bc52926e8012f50f0f477d67ed1b80b2b305026787fb2f39f84b7645aa82f93f241c71fdcabccbd313bea5d53b95f8b1afe9ef1047472752fe245887620a7f1ff006a8a5f138f3103eba7f34c5b2cadea615322388a129d47dceaad19e2cccb0cb1bbf13f1040d5af5a982f8038f8ee6c200f76776f3efe8ee22b446e6dd4d71672309a5ab9ea1facb42f57de60ba707e49f44ba836061d2e22390a6616e34c3710ae3e4ea1db53e9ff00f704404c2e415f623d56fa7098a6bc1f02648dea532703eacdb72dcbf7452fbc66b646ff00dabd1fcad5fed0259a137ed0779f7235aaf6cd63173258c32ab807d6f68365cd63ef0052c1ae91f16b897d2a7033309c1c9d4c7cc7ff00e13688792028094a458a81462f23e8ff00acfda6709758fc23e03cc716e8fb4c2eea9dc2fb9a65eaf534f934ccdaf5d9c42d632ce619e0f7d4b946ebb235c4b2bf94c974d9ea2faafda6885b0ea089e53361c105f7bd9dc0c656d95997dd9f89b07bfcff0003e3115a6b4c55adc471ab960735bf517d7e18860dee03e48c28e71589e5297c275dca34dad46726327d22703b7bf986350f9882686a15bd5f1e7cc378335f51347daf2c7ef08cfc60550897f4d82a85923a8e96f4ec82b267846ffa861c713974775cc30e372f39d4ebf2bec9663d29e1f5172fbc783ccc55fbc7517cfb9b1219fb197ffac6155ed507bc74c76770c38dfd61b77ccb087077300eab5f3f512a6baca18a980ed1068e392374f50c9570fc56f7e25ef398b35cca31656e2537874ce279819a57163c478f87a8985baff636db24f1c91a67a4793ad27516b50cbe669f7f72b2ee1a8b0adb8fcc1559b53e33716f9dfdff00d9bebd45f53f710477adbad4455fc3163e37cc41e07da1bce239d0135fddc3472f53c7d60d089e4409edc4bbaa9efa9f08fce190f50fd4fdd025d961e1ea25764af9418754d7da6b2ff05fef99ddfb434ce0868df2b95a76b4c6325dcfa5f50baa06825f53c3493565ebf0b1bd6134622ab1f12746ff0049f209536cb5dbb8dea9c6e3bf315755c9dca5136d3f89929f4e7a86e31b0cfb2744af9771f1004b16606277b25feb0c8f99060d973655fc61d41c0c3b3358e49572a7b3aee00c6449f467a87e93363e2bea002cf91d47e12aaef9ea7016794a443b388e7247b7c8f31a0f8a3a98a99bcef88a82abe147748929dfd22ad8d94ce26a9ea1fa142bbc3f796e55fecc5535d752c6186082d8e98d1ae0caf9c6b317e79f788731ca1443ce4ee5d392148b7bf33b158f9ccfd87a86b47467ac3367054bcc2cc7c494147f49a632f70a4ccba57c6fc44ad3c478631d1fddcd31ee1e19d26baee54d839351b2caae272fafa85fbefc58878ce2291ac275bc44a0f9407e813bd94771ab67061c0c68f98110155e488c68d57510f6198fd26958630c143a1ea1fbcfb474f50a4275ae911592aa793539b8e63872a7ed4f08c00c3a7a9b23bea1b9838d46c5fba751ba9866dcfa33d42171edf6983a9e531070c0f0f5129629aa49ac35dc1a706202affc27b6c8e5c2c280c1e1ea5869f74cf105248838b1c9d7f90543e8cf50a52c117da3b61f0fc479e5898de20fb1d3d4ce44ace6724790f9302af4f7d472d8665750c2dc69948a66798957cc03f11fd713e9cf50ac8376fb431f64a0fdcee7c66305736a0e182b4f53368f1b8eab5381f26387c478fe3b082259ecf505746277f38e95b213e8cf50fee7b4bceabda5daef300dbb5e7a41eb2732ae582d8edd4aec0facbea9ee0ffbc3043ce3b8f7044e1e1ea38c46c8edde47a850731fd253d2e7d4cb191f8c41cfc6751a2939facc0770694afa10229b1b27712be84f73b1d4f2b0258f00f99094738c2733e93f6f50fd7bf1170e4bf9450d33982e66250118c5a1c4c6e3e3706c0db87a8e1a767d6192cbf306b271394fc3a9ef39d4a2645c753b978fa87e168fb4ac9704db8ed8445e5fc20379202be20ebfc853ed28ea142d8edd444e48e984307b828bb1b1f8fe04569e3ea1c4b4b7d61af11bff0063102d707aff0022857b98f68a7e860270f3e22a6b338c41b0d4710550332fe3ed2d8e5b985c3ea44efd448db070327bb1c9cb92733e18d426de0d3d4cb42a23eef11538c729455d71b3a979f31f107038fa92d7d44e63d0a208bed88e14e3b771e8562abd4285e743f32d91b203e647506ef0bf33c4435a4d3d4b2b2d9fdf53cc1165ad4163a0dc5a17531c44ec59cc4a0aca8966239c477f17efea1c53b0256b3053b3ef31f507537ef3462f31dfc8bd44b5336a20d2375d4a67ee10ca7681588ba58ec8e1b2d128fcc57e0b3ebea1404e85a3682ef4f718a9034c2cdf5bafdd432c92dbee1853509a3a9cdfd65f9aea72f9ba67ed333e2559393e7393af275161e17dfd42eede29f48ab74fdcc4f23bee3f5db1236b244cc29364baacea7b9f761858f6f52abdb581dbfd9c7ee26b70ed4707bf78ddf9fb44f6b85def3298bbfa870e3fbb0433b8a8ac9cbc723a655ba82d11c9cca2c98e67738f1fc6e25afd32b39f43fdcf724f3cf52a0b51ae9ef05aab3dce18cdfb5f63d43436912bce0c4d7c3897d4320e56c9414cf06397115774733e5f96e18d75c31b667834ece18763fb9357795d47ef0155a71e221575ee6997cbfaaf50a1af1fe0cca66c7062b2c5335e60b5a477e6790fe93eaf32d6f9bcc7d8747e0ca4692bec81d6a64155f9983e23d2521f99e5f9ce04be87de0acd6629f51698f04b315434bccabd8ae5e2748d56443c0730f1d43bdf88523875d3fc8ad4f3ef36b7538baa8fb7c8ee738d4751a9e28f508b746b320d73f186bccb068ebfb4a4fae19c2590ba94aa3dfa409efe21ff00b15fc3fc40acf3a787ccbf0be20b470fbc6caa1f74cb7744e3923a5e5fdcf50f925a023e84bce6ae0f7b8147470f32ce9afe0438c24adec0ca7f536805151761a8190b5f33ccf9ce66b5096ac4289826a1247913d42bdf6efa84c58755280a6181dda3f9855d2e67b93e90a070e98378cd4b2f6398877793bf697c32ab9cf0c54673c884abb3266ad89e15e094f91fe83d42345c37097c07f72ed2d4f0b3a0f227dbbb9e23e75df3311cb8b1718dc30dcc678fb62ba6b0dcbedc78823e1c4002bc194ea527e21e7d4759fc8f23397fc2727707cd769ec39202bf751692a76f6415932b998ac6b89bdec97b1a1f595946e2d1fdc54501a77e7d4ba5a3dc530223ebe4827654c2d35e5dcae63c60d38d7256e0a6edf845bc1be23d4501ed09ce83f4f6f53d15c1f06032a1fb70cb54e3534183c76812c7ff0025a82df985b8f940a5d793a8d36d5731581e1fa6a6b5e817020e56a12127231c2a360dd41a2d02ee24a229c560b62f95ff00f0b7380b6f3c43f6e702cf1fda69c33cdcc58facd81af8c74a5d863fc40a28d7a0bcb107bcee3b35e37f7b9c177fdfa43373f5ff00afd258400bdd9814dc0363e3f2ff00e1fed51c7b44730dc4bfee5232069ea5f6af7e184871eff58f4291ed15f16ffc9cc747f5fb44fdbaff0065c5a8b4b963951c137b7f5ffc4c07f519f107f64fed31d3ddc412bee23d0c11f4ea1f8df89c05111bb12d6d9e50f73ffc5d143f0e27c005bf73ff00e96fffda000c030100020003000000109249249249249249249249249249249249249249249249249249249249249249249249249249249249249249249249249249249249249249249249249249249249249249249249249249249249249249249249249249249249249249249249249249249249249249249249249249249249249249249249249249249249249249249249249249249249249249249249249249249249249249244649249249249249249249249249249249249249249249249249249249249249249249249249249249207869249249249249249249249249249249249249249249249249249249249249249249249249249249215038e4924924924924924924924924924924924924924924924924924924924924924924924924924937caa1a4924924924924924924924924924924924924924924924924924924924924924924924924924908d7c504324924924924924924924924924924924924924924924924924924924924924924924924924936bcb1d0a3c92492492492492492492492492492492492492492492492492492492492492492492492490462ae3b40292492492492492492492492492492492492492492492492492492492492492492492492482057d5e04cd924924924924924924924924924924924924924924924924924924924924924924924924862fedd2444d9249249249249249249249249249249249249249249249249249249249249249249249249744b731b513924924924924924924924924924924924924924924924924924924924924924924924924916f4cb6b8409249249249249249249249249249249249249249249249249249249249249249249249248b8c676129dc9249249249249249249249249249249249249249249249249249249249249249249249249a8d864ccc04924924924924924924924924924924924924924924924924924924924924924924924924984e8c4c6cb492492492492492492492492492492492492492492492492492492492492492492492492487d5359db51492492492492492492492492492492492492492492492492492492492492492492492492499af622dd06492492492492492492492492492492492492492492492492492492492492492492492492493fb0f14f5a492492492492492492492492492492492492492492492492492492492492492492492492490622416ff649249249249249249249249249249249249249249249249249249249249249249249249249a05e8a0992492492492492492492492492492492492492492492492492492492492492492492492492468083526cf249249249249249249249249249249249249249249249249249249249249249249249249160bc676a4a9249249249249249249249249249249249249249249249249249249249249249249249248138669401d49249249249249249249249249249249249249249249249249249249249249249249249249386eab55cac924924924924924924924924924924924924924924924924924924924924924924924924924ebf6e099c92492492492492492492492492492492492492492492492492492492492492492492492492493cac98b6924924924924924924924924924924924924924924924924924924924924924924924924924910328653924924924924924924924924924924924924924924924924924924924924924924924924924925f374c89249249249249249249249249249249249249249249249249249249249249249249249249249249a5831ce492492492492492492492492492492492492492492492492492492492492492492492492492492b8c9b24924924924924924924924924924924924924924924924924924924924924924924924924924924da0e9c9249249249249249249249249249249249249249249249249249249249249249249249249249244aa59f924924924924924924924924924924924924924924924924924924924924924924924924924924811f95f249249249249249249249249249249249249249249249249249249249249249249249249249249090685e4924924924924924924924924924924924924924924924924924924924924924924924924924927ddd4d19249249249249249249249249249249249249249249249249249249249249249249249249249245b931a124924924924924924924924924924924924924924924924924924924924924924924924924924c31396aa49249249249249249249249249249249249249249249249249249249249249249249249249249f2916a6c92492492492492492492492492492492492492492492492492492492492492492492492492494336356b924924924924924924924924924924924924924924924924924924924924924924924924924916f72fa2ee4924924924924924924924924924924924924924924924924924924924924924924924924927b7b3b12ac924924924924924924924924924924924924924924924924924924924924924924924924924845726171924924924924924924924924924924924924924924924924924924924924924924924924924dfed10fec92492492492492492492492492492492492492492492492492492492492492492492492492498e75dd352e4924924924924924924924924924924924924924924924924924924924924924924924924909b58bb665c9249249249249249249249249249249249249249249249249249249249249249249249249212ce27f1fad24924924924924924924924924924924924924924924924924924924924924924924924924811cd973a6649249249249249249249249249249249249249249249249249249249249249249249249248f6bdfac126c9249249249249249249249249249249249249249249249249249249249249249249249249176dde78d949249249249249249249249249249249249249249249249249249249249249249249249249246f911ba3c224924924924924924924924924924924924924924924924924924924924924924924924924b228cac77b2c9249249249249249249249249249249249249249249249249249249249249249249249248fe6f4541aa8b249249249249249249249249249249249249249249249249249249249249249249249249340a691cb1af24924924924924924924924924924924924924924924924924924924924924924924924921ef0407e9c6049249249249249249249249249249249249249249249249249249249249249249249249245efba49aa11d3249249249249249249249249249249249249249249249249249249249249249249249249fc93ffe7b2dae492492492492492492492492492492492492492492492492492492492492492492492493574d76e2f6195924924924924924924924924924924924924924924924924924924924924924924924925648d70d98e8af249249249249249249249249249249249249249249249249249249249249249249249248c0aa82426be3a4924924924924924924924924924924924924924924924924924924924924924924924817c8873af2d8769249249249249249249249249249249249249249249249249249249249249249249248e9b268579967ca72492492492492492492492492492492492492492492492492492492492492492492491081cc6f6e0215a94924924924924924924924924924924924924924924924924924924924924924924926480587d1cfdbe8d92492492492492492492492492492492492492492492492492492492492492492492491520e11222c77d5249249249249249249249249249249249249249249249249249249249249249249249636558174f6fc9d8c92492492492492492492492492492492492492492492492492492492492492492493606d1b129816818092492492492492492492492492492492492492492492492492492492492492492492549c951cb4ca4dbea649249249249249249249249249249249249249249249249249249249249249249245517fad28d09c8a97c9249249249249249249249249249249249249249249249249249249249249249248b132225d80b877eb3924924924924924924924924924924924924924924924924924924924924924924921b8f54dd5d6b6f6df649249249249249249249249249249249249249249249249249249249249249249241b4eeaa602a4d69d7c924924924924924924924924924924924924924924924924924924924924924924e85568a9cc44947daab249249249249249249249249249249249249249249249249249249249249249249207617268f899a15c42492492492492492492492492492492492492492492492492492492492492492493fe5eace259921f2cf14924924924924924924924924924924924924924924924924924924924924924924fc64904c2a24c8a98fd24924924924924924924924924924924924924924924924924924924924924924e78bae4ea3a493af04e649249249249249249249249249249249249249249249249249249249249249249f69d140e781926f53c96924924924924924924924924924924924924924924924924924924924924924922717a6dc7992483d90312492492492492492492492492492492492492492492492492492492492492492687d4e7ce5a24923d45814924924924924924924924924924924924924924924924924924924924924924a2ea36ad4f44922a91e199249249249249249249249249249249249249249249249249249249249249249a814e5540929249e176392492492492492492492492492492492492492492492492492492492492492493a6db6ba42d5249120748d49249249249249249249249249249249249249249249249249249249249249210f80214b1ae4924bad86792492492492492492492492492492492492492492492492492492492492492435e7d182cd4c924827a8bca49249249249249249249249249249249249249249249249249249249249249872356145ec92493310915c92492492492492492492492492492492492492492492492492492492492494b5428f0975d24924ae24c972492492492492492492492492492492492492492492492492492492492492506029307192492480e4ab7e4924924924924924924924924924924924924924924924924924924924924a18e08c1b7d492492652373092492492492492492492492492492492492492492492492492492492492488eb8a1a372192492418303cf2492492492492492492492492492492492492492492492492492492492490f2ec98005f324924908991c6492492492492492492492492492492492492492492492492492492492492140bdd07454649249245bdcf09249249249249249249249249249249249249249249249249249249249240a0d35909924924924d938f15249249249249249249249249249249249249249249249249249249249248dcfdb50cc2d9249249152c2c9c92492492492492492492492492492492492492492492492492492492490d15c52568cd249249260715dd9249249249249249249249249249249249249249249249249249249249358d5048f7c364924924ec59bc4e4924924924924924924924924924924924924924924924924924924926db4a5b7c414c92492493740547c924924924924924924924924924924924924924924924924924924924c63d3bcc96a2924924926c9a224924924924924924924924924924924924924924924924924924924924841294483cf4b249249244685baf2492492492492492492492492492492492492492492492492492492492909e4aa587ca492492492e3713a49249249249249249249249249249249249249249249249249249249255566fa6a4c4c9249249245dc5e4924924924924924924924924924924924924924924924924924924924a04b3b5d27a592492492492442c924924924924924924924924924924924924924924924924924924924808b8155fd5c324924924924924924924924924924924924924924924924924924924924924924924924936d57da9428c2492492492492492492492492492492492492492492492492492492492492492492492492246a95b65b464924924924924924924924924924924924924924924924924924924924924924924924924567a9d60d9e8924924924924924924924924924924924924924924924924924924924924924924924924995fae53ef5232492492492492492492492492492492492492492492492492492492492492492492492492c1815512dcc64924924924924924924924924924924924924924924924924924924924924924924924925795e02ea0834924924924924924924924924924924924924924924924924924924924924924924924924a761eb299070124924924924924924924924924924924924924924924924924924924924924924924924859bd70e6a5eca49249249249249249249249249249249249249249249249249249249249249249249249279aeef54f909492492492492492492492492492492492492492492492492492492492492492492492492704ad566d4faa92492492492492492492492492492492492492492492492492492492492492492492492459824f20458dd2492492492492492492492492492492492492492492492492492492492492492492492488e49ec6b65cde4924924924924924924924924924924924924924924924924924924924924924924924938a513b761d9cc9249249249249249249249249249249249249249249249249249249249249249249249252fdf96b4a86592492492492492492492492492492492492492492492492492492492492492492492492487ff71e853f7d249249249249249249249249249249249249249249249249249249249249249249249249df2ae98a1ce3a492492492492492492492492492492492492492492492492492492492492492492492493e15cddd393f14924924924924924924924924924924924924924924924924924924924924924924924922c133b0bdfbaa924924924924924924924924924924924924924924924924924924924924924924924924138c4c27094a32492492492492492492492492492492492492492492492492492492492492492492492481708263ab36e64924924924924924924924924924924924924924924924924924924924924924924924925f1ce1291018c924924924924924924924924924924924924924924924924924924924924924924924920dc7689ba3af692492492492492492492492492492492492492492492492492492492492492492492492479b553f48f5cd24924924924924924924924924924924924924924924924924924924924924924924924993ab9cdf16532492492492492492492492492492492492492492492492492492492492492492492492492644bfb358e06c924924924924924924924924924924924924924924924924924924924924924924924920bc8f9d561d94924924924924924924924924924924924924924924924924924924924924924924924924f951af14afe632492492492492492492492492492492492492492492492492492492492492492492492481ebbe11e6a146492492492492492492492492492492492492492492492492492492492492492492492491bbf6c89d479249249249249249249249249249249249249249249249249249249249249249249249249214f73f9ca24e5924924924924924924924924924924924924924924924924924924924924924924924924f6f1811e57b03249249249249249249249249249249249249249249249249249249249249249249249248742a1a53af566492492492492492492492492492492492492492492492492492492492492492492492491d37455286e744924924924924924924924924924924924924924924924924924924924924924924924920d74e9b56baa9924924924924924924924924924924924924924924924924924924924924924924924924e86677cd5a5a5249249249249249249249249249249249249249249249249249249249249249249249248f2d59d5a2b6d2492492492492492492492492492492492492492492492492492492492492492492492492035a568fed3249249249249249249249249249249249249249249249249249249249249249249249249248bc3467d37249249249249249249249249249249249249249249249249249249249249249249249249249254058b07249249249249249249249249249249249249249249249249000009249249249249249249249249ab63f824924924924924924924924924924924924924924924924924024124924924924924924924924922d7fb2492492492492492492492492492492492492492492492492490082492492492492492492492492494ef2492492492492492492492492492492492492492492492492490092492492492492492492492492492712492492492492492492492492492492492492492492492492492492492492492492492492492492492492492492492492492492492492492492492492492492492492492492492492492492492492492492492492492492492492492492492492492492492492492492492492492492492492492492492492492492492492492492492492492492492492492492492492492492492492493fffc40025110100020203000203010003010000000001001121311041605161203071a140808191ffda0008010301013f10ff00b30aee22f5c8a882dbb9b82e58f58d041899b708d4215129af55d91a9588eb8752a5f93d422a276a5d4ca06748b16c86a24a327a6670f483470195420d70c54a864a972bd258ccc0c4a35c9be13512e0c4211a73115be8f35c5031491d9ce90c4c921c0872aadbe882a882f316b332951d23a8b3470ec831d403f71556fa24544032f317b86a5c217e275028e3be005116f3e891510e4d94e1cc75c1b4ea693a9fd831d7e8c8a8832bbc4d997349d4b98b7818e1c4b9c7a34544132ee773678d384b876f1a4016c6f474544013338ab86de1638421f331504222b7d182b44112f83e210db3798f507909822fa5d9023f81b3351ea1140b9760f4bdccea5648fd701304da31d9165637a5bb960102f3c2a0c4ee3348ea015514adf489a41372e02d23700b6044bc4fb8ec8a0cb1f03d2804cc299fd9fd8d1c0772ea0bb974667491577e882f515dc1ca04589d915f1589f52e3c41c0ccda7a245440101a815c7f89b81f313640b22b0bee1ca6de9051b382c20cc46a58a5cb4ba9b6e2d116d6fa67881f32f8bbd40a972e067319415e9dc16198d05b33b6a18972fa815b9a8de8f500f291a6a076cbe2ef040a31c2f4474f50ea004730977a870add4312ec7a974b8a6e55cfe4db1cb44008a05c5b6fd4e2a9d8cdc772edc4fa22cc5ea966b9cff10c6b872c774f54a8317e616ef8b8b788fd46ef3eac1b8bd9048420d61e286fd50b6a28cf913646ab3327f20b3d51b8d72431d4affc414d7a9a2243e1e3fbc3b972e7a8b19b709707a7866b8383d451158c41be1cc1e9e08630c36bd3d013be13b25de78483d3c31d5bd39cacea0deb86f2261c93712e0f4f157129f4c317c6dca5364384bcc2c70691e9851c6f106b13718950cf02f26e0dc39fa532c035069ae2af105d3c5c71926f84ec9923e9754b89717cf0970e8f0cf9726a9f4b908b84ec8372e2122e9df3ae353d32e1b866311d90c97c25c59a78732f465857a51c2ed2ee5e238ccbbd709706f70d44b8928cb03d26ef234d318311d394ee0df0d43659e90d8c1ea5c7306b0f3b4dc189d915f06fa4d6241b99512e274ee5467db8a189d92c63e962181324112c844b837bdf3f6e18e3247e50d97e8d512a5c4a6ce45e4837c55c2c69e531109129af4471835862772ea646e6cb9512f50cf08245587875c64bf4431897860f4cae17ff001c11bea0de78482d865ba8d370e8f44f127712e64a78a9b43eb84ec8239386c5f706c5f0832e57a11824134e12e2bc3c3921d184fe455921f24ae32461b2fd0e88e1b259d70906e6a55c1e995c39fd7084cca4d32dee60544a69f4181c55ae6cc703366e0ed2b1728839a7921d734652dfa055878a865c31f9215b844837c6c860dca6b8d4c07a0709d0f0e770554c631c64978b8303b221e3a88658d4b4dc03e7c0e1b41be36530c618fc47132afa9f7c266e5de497887c71771098ecf3da25f7c0ec8364625c1b95c5f07e26b33714f529753b98882544a6bce8b2472fae1896b25df097a85897d7028d3c801e2b13eb2d2019437e775cdcbac73f2e2a27641be12f0c5d318dd453b82dcc8d70831df3ad7c54174f14389b53a972aa60d906ce12c8af7031cafe67f23e7a35c32625e625c1bc4b953e0f152b6261e12e0d92f32e13e92ffa809617e734c4a6ce083b20d9c2595069a78d4ff10e1ab17728975b853923883371b622534f9c72c72bea13a81d91592e5913a77198a9fe38748c2c592e22e68cb2ee750250df9bf965d64e0e9d4ae136214e62c4b8af8d94c155336260b734449a85904988f360729b6611a48298630cc7bf5372e55e4967094a65b031d598a0c3146e08ea3c61986bce44915cb958cc4e9957ae3fc4384ec8364a9b1c507086530a75138c17e6b6657713b208f09c8a20eaf289920d93638c04b96f04dd930603b880894d7997572e31b332ef847515ee0411534cb9b894e275e682c984b5b800c71894ea54df991b9ae5c6619e11dcec8cab20b74f26ab9eae10851b25e634f9b8d5e035865f0fff003ca764a318d883d3c74e6a19669ca1949a87c107e258f31a32a25c33866a512ed5d4df09d90f98c6d15ee6a7e15a3e2509f6823a9dcc444bcbf31a350b4dc60f0970c6275c36661552e25e62b0fc42b8a314d73882d5e5ced11dc13848224bea2151534cdcdee397d4c421c1f888b77ca092be26608c1df9934dcea544ec854112c9929e373fc71abf145dbb986a5a6e03a89c20c4254d7965071f0833512b24de49b82f307ae3a9a6a6a7e2359834b8ca1954070ca9537e58dc8f52e27cc30d3c5c4a6c837923121d27712e6007e5da95332b4661a992035311e5d1706f1dc588388a9a639992395937089706f11c4783f254db2c69963700c59789589ae22af2cd4ab837c240f4fe44ecdc288707e88b942c0a1e1cca86ede571b473062764572a25c5d30f89d4dbea54623b22b1fa0372fe7844a13ed30cb15e534cd7f3971920dcd44b83d30e2fb6a3061a2ff400830d2027df343305f94cccdc1b53ca564976709706f1c3f10c34caf88683f47738a1dc04ee58eb9412a2535e4de2709f30734cccb9b6394ec8367157b82e9fd32b5c0546fa8379620f529352dec843259e4cb5483799b89707a65715d35c6e27c438731f6fd2ee92d3737a86ab94b8695e4f4c4ec83798c4b21d1dcb9b9ac71b81d906e6ff0050eb289510bc4b4dca6a5f355bc91c66a57643398e23983789927535b97f1364b1920f7fadcc32a24dcaf895186c951e4b11ceb32ef512241b26a54ba973ee2536477faaf353e0cbe0f09989e4a0d9b83a3026e7ca0c48fc906f84b835861186957ea56b9b955925cc0cca4b972a63c8bc62594c31866b8ff10662226485a112e0f4cb9b7f5d948a1c0176886e062c9996c158790784ee25c1bc3c570de38aa6c977c350ccdbfae86be619e684b8f18943c8182e5de4971ec41e9971b4cc6e0408d9109897f112e3b63fac69b818b20fcf0d0b62d710f99c0772f78f3447e10ccb82f50b619f505ee5db3073120ac904731c4197ecd49b959c41cb4112b1c63b895585678feb87e10cf0fc20dcd912f706b0c194c4d88364d9fb28a4a86237ca719ea04150e978e372eb0f1536e47641e9c3629828d332cd44a6c955bfb4490ae1a94632ae11f88284790f1db11b41f9973789959e529b214cdb10c20a61e422afda7670d0c5fb44469854fa9808ad7e38df15707ae2870cdb3027f2226a6cb38738839a67d4dbfb80d305b82d31256e00d84a4af1fb4eaf84870c32ed4ea5d4c6e25648524c255905d3367fc20fb8aadbe3f6276106142a0b8af12a753fc4fe7089922b2e6661c46887d16c4589b106e7dc480d4654b57d72959219ccd4c97a2d53719dd936625c17a837f8aa2538948a5fd16a86553fb1a3335925df02e0de39d709d451923b7e8b544183d32a55471a9f7c097709b9a9dc21c7a2d52ae36c306b0cfae3264d4384bc906e6a6e6dc69e8b4c1b2f8cb0c318675c0d7f25e2772af306f7c7d4a8bbf45a62536411cc3112e0ba630fb9afe71511b823353a95e89a232a9b20df152f31e3fc46544b83786188857a218f2dab209d41b8970f878a971f70e0bf462e47ae74e214ea566368ba78a2556a59b977181bf46b9c307e65cdc4ac92ef84b97d3c0c4ad43571c62267d1bb89707a61c3da0deb8171374c27712b24b951dfa23659c3687479aa6c963c02a0f4cd4b895925e311dfa1ee991b2589670db107a6661a89b106f84c41bc32f871923bf43bb3371c349878482e9e2fa9f48663925620f4f06fd12a78d44ac9044e05c174f031b5641b2e5c4b82e9f466d618c3ca56486a5544ea0a34c609dc4a6c97732c4b97587d16cc732d30c25cd64963351a60e69953fb1b3241b2592afd16cca8e4861ccdf1ac92c6544b83d3165c446c977a971dfa137706e38d4ab9758619e111b2089c36c4fa78ea55648231dfa1ed1336419512c8ba630895a833512e0d61e7b08efd0f697888ec824a89641e99d4264cc119a9b25d6189c60fa174336c2256483c25c1e99b9dc15920df09d4170658fa285a8630f2ad90cea11ccfa6541899b2169551951bbd088fa829862f0e324413712ca8630f047b115ef934bd18970f87873129b20de61ab8832d30ca9713e20f53736fa1ef837c25c4f733c253641bcca8d3b993f9c5fc44b86e99bfd163e3909d41706044f89f2221df1f51b5f531b21107d15a784bd42d8787305e496e27c39c353ee197d1170b373ee36cc1cd4d4ac4ff003c55417174c612aa199bfa118c7b753663843069a66b73f92ab517b386d33832f84ee649e875f14e44b12e11cc174c0951b324112e5c753243572a1d7a174078b95592150cabdc1ac3c3129b20f0fecaa84383d09c65d6195c28c90473c55ee67065cfec56c8372a1129c4cbd0acb250e1974d308ac1592218cdee0d399f64bb8c2ce78baccb7e8469b20995352e7705e60de254ab386f841969866a1e8d1590cc6657d4b9b9645d3ca5ac837c753d2a2b218c466a5fc435107707a65714ec97e0f4eeec88164d4aacc1bd70970e8f15e3d495dc10526e556a198c419a4f56cee00b38aec8372bc7ad3b952ce2a7d79dd92d2bfecb3fffc400251101010100020301010101010003010100010011213110416051617130208191a18040ffda0008010201013f10ff00fa604e08feb823595c3ab7279c964dfac1a978c40cf02ecab61134fa95cb8f2776f31ddb76b79b1e3ea006b75acdb3849c6f810e427862df87e98aa6e7a6dea5e16ca23bb79bdca9a2cdbf498b094f2dfb78cf03abda1bb7913e20187d19664db0788e982e2c6ca7abda60e789ee5a00c3e8806b21e2cd90e16c43f2cb9bf01ca48ee67fc8061f440359bfc5876836c776ce67881cf85ed673c4427e4f500187d100d65ca306cde8bddfd9e96f3762f77b9e27b3e8c435929324e0b9dbb4776717617b9f0b88e5cb339fa333af840659c5d0f1dadfc842dea1e6d6c9c087fdfd199d64c5c5bddb9745ce5d9b9085c972254c030fa301acd733c1fb24f205990776471c4ed79419f46b96cb027c9b7bba1771ee4fd815cb2e5fa6c5bc31754b1add223dc9c087e964384bb6faba8b2e42ee24d72f723cb00c3e907b4acf334c6327a4acbdc71c43982b823e4fd2823c12a33372ccbd17e24e966bc5ee801c1f44a1dc1ea5ed2e590fa64f7ebc7bcb1cdb18c435ba4fa201aca65ee7f537ff00ab72dde4b4ee786e3b9799a8f4fa4413180b085cc6c88db2c46b8b808748630fa6e69788b60ce5977c0716e916cefd3f1e526bc5a5c2322defc07bb61b07d441e9817b9c70599dddd81cb2ebe03db1fa806c4b1c5eecf6976eac337c61cfd49e0816df4eecfd8ea0335957982b90619f53dc93d1751d599cb6ef2c07d5cebbe78ff52beeee38219a7ea8ea8270eaedb39b33963be6c671f5687100f0cec364d748b8bea8b0d845f86e98eee1ff00658efd52cc5d9e364811ddbffca5bafa9d1e2ed271a4793d5cdb7d4304f56e30e7327b2c8bbf0b14fa8d27be64f01927bb66ef9961fa7e42f5e37d5d46db67b3c0ddb4fa77d1126713c43bc375c5c8c70c3f3c6e730e9bf4dd4b7f6e91751c98f83887c1ccb4bf4cb4bbb95b269b7510f1244b387a951f1fa57827da4d360e61c643a5fdb2e98c71df81f4db04fa578a48724cea4b09f63a9e63bf07c2dd3e97b2196c39c3225922bd879dd3c761f4bdb0e32786211e1931c9e61800e3a88e2ecb277e95e4e2c0419e0e4c6ccb8871933aea78761ce64134b01fa4e87824ec473ddd43a73e38878c911f1a962afa4ee4fe960c39d49a622c0b77c67b878c64c78bdcc3f49de124c8c1fe438c0ecead88ff00ed36b0f18d89dc7d2819074c9ac67996483aea47d5fdbf4776781de18fc4b31f47cde2d2ce2306372318c39dc9f9e372e1362f70bb0865a6fd12e50f487d5ddc0cf766396e463bebc7a9730f6783c6c67d13e50e326f2791c7fb3c7737f5336dce6e069191f893c9f4439b7a8719f73c6c9893f6c81d30cb630c93249721f43950caf01c87b2d867dbc1d7373e191dcb6e776398b9b3e8543931b33c0c9905a8d9bc96f838ff007c0878b93c967e58ad969bf41db6dba67bba6ee5c63d49d2de614819a45d7528361e7c6c22cd9f407792fedbe191dc7e33c38ccac39f039ccf2f168ecf1bbcdc87d02c6f616f30e7326f30c731c98dcee592f4c31f1ee49c587bb07a644b987e79eaea313c5d5c8ec3792f51cdc7fa8fcf1d31b3386ce765cb46c845cb9f3ddd66f7750fa64c61f724bf478fec9d8f01ee31e2ed963ddacdb095871d874df9defb71fdbdc751c31b39e7c0fece1f039d49bc97b99553c086feec246d8cf9de0a146ef9b639bf13e07387a931879873a81d906c67b8164bbf02909f3aedf0393ae49db81b269b625bbdc73c3263cf81c7893392f773ea3f5073a78388cf9d0ef931e6ce21c93dd990dfa2cb72d1e193c12636711d4dfd16455839f39df723278f079c30c7c247602693777ffaf21847ab0da7a9d3b8764bfcb4772d37e73ea3867b9eece61f4c98c9ee317b0ea10baba71dddc34494b1b2d59af163eef72f36c7cdbf3b3d31276b72fec8e0c98d90e583a4736e752034bab73e2e2ce6d4ea57bb949731f36d384e2713cf50e4ea0cf1cf87bb23d3d4e3c0bcacf291dc101ecb0f4ca22eae6e5dfcd82c2c271d590f30765c3c67ff0029ba8eb19d1b6e8f8d8f039aff00b3a770f17f601cf9aea5ef25e9933c0d8c7e5ac9dae2eb8b4786cc6e8f8df5f96164087d31a257ab51125a6fcc9dcb3df81132ccbfb1fa8078526f365beaefbbdbcf262583d5a2e9839f1d31b433e657577e08778bae2fec2750c7c70e490cd24f712ddf3e8410e753a31b38812e6ddbf33d88e19e4d20fcbae20f7f23e9b508c327b24fcbbbe788b13bf1c30b85a273319cf3f331dcb61cb4ec9b6cc6fb8e2ee3f19e1c8b8499d5d9ff00c6b4fd854d19dc59842cb073f7e633a4a2388ee43c0e5df36f31fdb878b91bfc8e3b8e2ffee3411bdf9e76e63e5d6e25a6362591c1cc98f81464de4b9278ea3073dc7132efff002b01bcd96a363ddc7a913bb933e67e99eede6187d3e439271a5b0e3e5d9ffc9783d46fb2c1ea5427814ea32eb0e9a7cb1f49e23f97eacb361de57e1f0b24f771e131b705ff00ca6990d6442976ecdbc78d0cf96c227b2cfc8fc4f0d2ff002c8e786c4ee388724f7750fe5cd5ff00d6ce2dceee2e4d2e5d962eac67c9f2ef0931df51c3c5b8ec9a691fc9cba65d77e164977767ff00474c2cbd972389440dee1e6ed8c3f2c7bc5b265ea510ec9bdc18fedd7773b1e8d9a9f2ff00effc96614365df0716d863e579e21c91c84e9932d873993d9d5fdf1d3fb6c6c274c33ff6e70f574f33cf56b0bddaafe2e46c9bf29dd3cffb6f83931932ee1c79b3d937f974df767325a39ff0d249cbf92acce3c8b737ca3828d39931a473e0f46c47c18e193261ce67334b5f73d59ff2828f168c89ddbeaff21474874df931cdba61f6486691756e98f8c65e99318b71d243b2e3ff0000c64a18fec990a5a3dd87ab26c63f268d8dc386eae127b3ceff00f2b6ea13a6748763887a7fc7b161d274ee7b8fedee3661df93ef8ce99138621c67d8f1fe5faf1d32131931baff009c03b0b9cd83d42f0f50feda63e4973bbb74c678e21de2378499cdc5bcdd38b3f6386d1e193d375ffcb502d861878e6d86bab4f9f92e4aff002d8e4c9121219e2ee2cdb2de721d320e77fe40cd679e965fc4324750bebe4b1e2c904d2638ba649cc390fecf7e064de49227a77fe5c45cdbbdc96978b441964be44ef873a90e97775cda7fa99cc8cc671e073aba696438ff00cf1d7ec6ec74483d305d4b8e370d87edb72f901e03926725fd87ddd2eb9f0726498f83764cbaff00e7a1bf92c2e2eb9851c8b6f5f220f2e36670dc4bf67d8b21ce4b81a5b8dbee1131865911e29ff34d327371b3f26c5788731257a6f49e317c7f68c8fe592cee4cbfb0a72598d24e21974647a865c7fe986a38e6dfd818b77ddd27679679f8fed8f05cefc1fa931b31871d24d34830cb18c9eaeb3fe9a6bc68d7a947523242d974868f8ee059bc96c3678730f18c9ed3c42180717021d21d39b80ffa26c0397511c32d9bdcc5dc0bf1dd90e49f967eda84e0d3c9cf0cf1c36710f69c4d2e4f0846ff00d59433d28fd3243c92b75cb1ab6e23e3ba78dc93d9e14733a692db19c1b33866fc24334bfb2d3ff658e491d48f16be6c58b6aefc7f46476ea1ff00ead4191a7571c8eeeee4e211e1931bf88719c792e9ff00fc29b2b00c3e3fba470865d3c4b21ee1e39ba6cc6fbbbeecb478670ce5d5c8a7d177443d1932f57e938e61db64c6f95bc33c713711f45d9e0dbb31b91e6cd967161190cf36faf023c3265d3f44f14fb166c6ae582637278f432645b77e0635c31c3f45dd2bd85bcc42756471665adeb6ecd8927c87d1765d7124e490f2781b8e1ee74b761f4c991b97259a78edf45db2638dfe4bd9269a5b903ea499f91d43ea4c3cf1333e8bb2d0c678b861ce643b23b9fe5ffebc7a84e9919d967edbbfefd17640c3a659fb7a8e24c88bf4776f8270e4f1bcc75f43dfe0fc8ce0dcf4cf11dec9ce9e3fb21cbdd93873e040bd475f42b2a7b2fe5d4f0e7b9d38b788724e34f1cc3bc37f2d1d43e9b23afa2c721bc967ed990831b138987243b27f7c77c33f91af32323afa2fa8724f64f3cc420c931c6c87b4e6693e0e8648cba7d147a37b8c4fb1e0b818d89e059f6f1c781c3cdd3e87d16898c0acf0639904d2fe5b8c276b11f0327e59f911cf0c30fa1d616db8c851c6dd87241e4f19ec84ed3c4716b27b22f51d7d09d2ce6ee3d1931cbd7122f61e136306366b2c8524f6783afa178121d93e0e86776ed87274690c9f90e996271750f1b60f2475f42b82e4eac134f1977c362326da2d0d2df56fe463c32671e3a8ebe87d2db95269a78cfcb7786e46dd872d39206487786c4f1d3e85752643a737566f24ff002e121d32ccb631d5df3e33987786e4ba7d0fac274ce1e6df50c7f91c78ddee78b848626f5e7d0dd3e87d6ce6d3a6487d43927b2f73918f1065dc68cf610e77f471e49e2643c33fab761ce6cde4babd427064c9853991ccb11ba3e85e09c7924f0198dc3b98724334f092fdb0e61f51a7369c2e8fa1777392cde6cbfd87786096e4619fd2dbabd0c13af1cfa9e9fa2921c922ea1de19c70cc227d8b77c1fa93d9e3afe87d126781f703d5c781de19c7111a7560ff00be338e61c9eb8ba7e87befd2c3c0e7360349525bddf8644ebc75cc7ff6b9ea634b1d3e87b6eedf4ce3a92e12131ba870d6e0ef8eae5ddc753c13fa1734418dfc8c325cbd4a97ff00bbfdb764c4de4f2e19e3bbafd0f6c7a7bbdf811669a47271757e183d37fb0fa5c0d3c6b0edd5fa1ed8b4e0dc8cb1c7323362c3fb08f0c8ee365d3713ddc92ddfa13ad279b25e8c8c1d8c49bc9736e10ef0d99375d42326753e47d0be760f25bbe00f0c8f09fe439d580d2cbfc83a671756fb8d1cdc3e848611a72473c93cb0161e2090eb0e7526975c3643fb0e34f18bc160e7bfa1413191ff002df65c74f1ea1f5264397521feac4b611669a5da7e8c0636c89e1fdb278b093d97a8866678f63e94ce332c61dbbb27bc855c49ecb6d87d3736bf4e07182b1874b778f7273e164fb1e36e7ea406456bc68f0cf1c4730a43c9f5602456780ef0c992bcf4fad3322c60cb7e7ebc6719077ffe967fffc4002c1001000103030207010101010101010100011100213141516171816091a1b1c1d1f0e1f1302010508040ffda0008010100013f10ff00fa5d405580bad14fb24d7b6dcf4299b04970ea3c5cde0ec5d760a8537a08409ceb46ba529604ca0896f57463044c230fa350e93f90faf1672234fe5c7b50836c85a2595e024a956459e2e0703578c8c656a56304af29b7950a520f62f7a114191f14963694401cb48868447c039cf4a535610125932af4a8ad3f9d8083a144021721cdc86a614ec24bcf356962513adaa4466c968503be7571bdd37f140143c1aad83568d45603106077247a50f6273601c0ff0033508539844c00a484009a695c81c2af4003179b451c18acba520985c895bcde81620c8430dbe690294aef95d48f2f132a41cc9636569f34bf2e116005d0d8c560fd535c907344a3358ccf2aef441a1aadbb97a510cdb2df16a1835a133a95016d10311444c04926b31823133d68988598c26d493c8e91239d2a2a25f01faf124ec8132c9d0ddf69a954a7545775de9e27c6216f2314712842705a02a22f46fd05a968d7eba4b7b50c12540c0b696b36ad94df929e113185b98a4b61265237dea308be5c59bd09b10e0c5f4a8f0b8b498aff005508dbb2995bbe2266202556029ba0f6926dd5bf9542e444046c58f2a866424c08095b5d99639a0acca284c4cbe2920146cd6268b3185ff714059665381f9a420ca139d7148c84842f451668560c68f5a04a4058ef8a72e2cdcdb351481b521fda54650113abcbe228731eeba07347c4409c424cbbb31440a61242617a909c5216e6389a2c042496e45080c13836b0bbd24204d983534a0cef9860a56ac263c16a06c97274ab0a2b03cdda8822e22298815c192069525e12f176c6ed47d9f35dd7c450f76c1aad8e6a544303fc2f344a8573288443564ce2831499755bbbeb410b72548322e2a4c9e91a49450d955a06741f7422b66ec173ce9c03682f88d69d2b0c89092f9d09d88965a240084166d6168b3289235a114e7c73c1f747c8701e2240d74ca5b14fd78dba4701aaef4068202ce2dfe2802813aa38c69da86d11029162ca7a14d6736637a50199666c5452151660e0a709cbce8912e892df342c4426f0e54599bb821a82822729c143cece393a9b14462010060f112dbeac6dd6d50002e909943b19ad590b7c81db7635a89240b5b5e9825877bf9547407b0bfba080c6037d7b56128de4388a8464b76c7f55001ccddde9b78c4b608b0d1411ba35ab22ca50065e1e74d0f2c89482eaeedbc47ac151e57d73468c57f2006ad3870254f438a1950a5f11a55d2481d822f2a01004b172a3812299756295a1b9686a251b5c4b751fba5050bb7ead2913c8e69b210bb0691527674080eb4210430a31c1e23d8b006efeb9a46717709f207e9ab385d9bb263838a02008e35a2bb3829f3408c4c9c19a6709637a6a91bf7ed439cf9315915bba4814acd912da1c4d2c91257147d93084927c96a0c37ba32addf11af1030195a073526009085836e0bdda2c225044c183836a0404ada9d27a51a282459cc3bcf9d0020c227ad2447a18d68272997be942f7a6073a54e98be262b2398be1b14c37eaa336289dbb56fa8f5f7a1078c063c4658052ae85378250dd9b16ec476a8872c538bb03dd79a9991005a6f48de8b1056f65bb1b5400322cb81a3605b532500e0245a4734a5452824ea4d4e009981f14b8014c81bbb1cd184404f8b7dfc4a19ad698340ed9eb1b546ca62182105fcd21c5f5a5290a2801acafb144248cae0952bed528a5ea64e811410ee96a4ba2a40eba548510f1af14962812989d152c12cbc437762af8c9965b81b789630e498013635a54e900373ea370efb5146c23003014ec92b7b558286e8262b31e54ba22249c1bd5b5b04c06943709362f60a29c51c396809d2c1bf6a49c87065dc7c3356bb6aeabcf890789b32eff001de9d234d132ef2e7b5ab3d81518b41b8cc4d0bea5ba026c701faf4693a89ef4061aa7626ae812da28cc48eeeb97a4d6ee0219a754da45316a669ec82d6e5d34cd45299b58fbf11a80aa014aeadafc75714ea48d6eef753a4513444cc13d53fa29668a86d8a9637bd26992c84d862c2f0564b018c99e94e86b1f5bafcd206b9d6b553509eef9cd3d85d30012bda9e990da1e74b5bea8609e83c44e37354522da5e65bfb560967a1f437ebe74f006f6a61da9103063ca81301938bb3669988650e3935ee6a514305dfa6d439729482a2ef6a91a2580bc06614224837ba532982fcdf17b778a32255987d07dd033779bcbc443c2041913828381861cc385af6a595a9acb2bc3386a00dd5b9796883a1759d27da884003b0ba36ebef578dc4646c9c5115c8cd9c5e81a8f0255b39e36a2c9891b364cc9c352cc710985c1e514bbe2089ab24fcd1f44903aa0357159b4e6e2faede243126438e4e4cd2230cfad3b6911490b2640f75f9b34591082162dba9434ab4f6d3ca83c70b29281ab081b420db3cfbeb443675617669f65bfea8245140cc0f3b5269528860336eaeb51560022d76d52d8832e5757c4d0440da996039692d800dc72babcd66e1b496a8bc924d0d68922c1262f7743d69990742083a0a70b8bcb379ac816199583e5aba9722f97cd206063bd15ab483571f3e5e27b9a392705a1796d52120c32cf979d45290b019a92d82cb95f97daa492cbbc5d9cd244a1270d107052c65b0531833aefcd06084f319b54300b20272f14bcec36d0f28f13b2c2330799f34b9804b985f3d334605043ee7638282c0ca1a280d195cd404e8f00c3d1c73e545730040e03ee9449d1134094ccd356c55ab344601b76a0020b1e2729b759d56cc7692920c087538d5e693b8ac8e8fc51bd096540098c91f57ea9920b8ff2ac009b34f9a22c904c6ae052a560b6c1fb5a70387c9eaf9fb78a1044411b334f188a8e8e3d129c0275700d65e39a84927662c1e3ee892ca55cc5aa4382bb1a045c2602cf2e9cd3481020300e9b53f0a6314586178a469db1e718b6ec45ab3c93c95e5bfa501721c32eb56820d59cbd2a17a2ba3a6eec7bd1251948ac7f0a40b289646479a740904bce03e7b78abaee7d07f2808e64b31ad0190bdb5a04419846dcddde28a0b16cdd9beed4960d75cad113932cc757e2b769e3a16f79f154084100e2fed34d642f96d61cb5328ad967e77a06c0b7b5f152aac61cce0ab4018da9e5e3de9334117bfb544cdbb768f1529426058a6c270d96ed144f0254609d53e2a0f36e48c5fdc6989226c4206ae004592afc9cd26e21a2d3eb4a7c9d1cfafbf8a8579b911bd3a6b1aebb52880a2bbeb56ce1c9ddd478da80a230d8e1a2deed45f9bd0a5ac2c5be9f435089246741b7ee9e2a8212089b8bbf14ccd1c20f41e87d5182c292b98e2b122b818451ccdc97267a8e68624a0bac6da52919094d6adff9feaaff00ca8ee2cfaf8a5a14a85f29ba797a52124ccd972366a21aec49f2f46a600329ade0de8c3702432afda9b046d497efd7de80bd65236a2048172c64a9e4605acebc5c7c5115112634357cbde96ab26bb626e7cd3b811651c73496ced99c4986942b7583ab420168c675a213044718ff00680a63326ed539dea112b6e0cef56534b3887fbe28255c89c2cf7bfa502358885e33274a520755a438fba52016272ec69de92264a43989b34282b9b58bbfdd324937617e7a54c0a090c1a9ad32218b1f846d4651843cc7c4ee51e656d6ed2f6a04ba6639123e0f3a041b108336ef516c21cb973c340a2858477a270a45ca6d43505c92584d92b0c112575ecf1cd10405c96d3de8992a8b25c629405840e772e1b7b789e7976f2458f76ad160625c68f9c51249a1dd0e7de926909685e6996e587c26efd6a4dc93246a63bd6f056eb186f5a515b6a0d9a805299ea39479a529b1d33d79a48b624f7b7b5183102dba789a38a136ce1291412041b44cddb59a214a44e482dd5bf14193468c66d9fe559b23d076abd635f8eae3669191189637a56c8101e54c696c8c27a73ad42190301e47936a6202e6b1f152191885b863c4c9905624cc491dc3d0a0015005ad738e69a717175fdef450e96c87d3c34697584cc5bad00a658c2ef4852242f9670fde94c4046d7b43536e48b3ad34d4aa44dc7739f72ae408487a8a5d811b5e7e7c4b6dd6781ac13448c18194333444ec0777a357bdc01786293b81223226b6d4e2ae82dba655b726cd20121d44f5bfbd33e4673179e4e2a43be136e47e6a066bb25a5481bc93674ac0120a997b9ed45b860530c9938b7897281089ba41441350b1f8a004c1a73abbed42264d26443ecdaa42e962cebb52920b16130da35e94880be11bb3d1fbd699b0436643150a600d48c7356591081707679d9a8b81b40d03a7a450d8dd119a71336092f2cfc79f894cadc688c8813ca6a064a0cadcd139a266f9331ad48649244d7b39df7a66a16c924347a5136eb6eb8dda72104b09136689112d805953a3fb7a6104b66cd36d3176af2a05e1a672727af5adb17cbb14f46120e89e251a08679275a84216652c2e6787d1a2a2c18357035de35eb46257612dba7fb400de59bb4a2ae90caebd3d692980822691b4543a4ec99bad9e7fda305c63d2b2b2195cef51780125af0f9a745211d661a19f1243752978b0e6a00ccc22133c55a1c3bae0d3a9eb45214a883bb345400bdc6f78bf9d285c12cce3971b3a5374259353ad303689f4e953e0289096873409a6acb59d9e6920128d634e94a1649921a0500907a94bf47d2a44c5de3f91e2494a420e36c134c0b80b3a45b3c75a08ae1891a46b49308b07f4c6fb5344ce5647340493423dfe28b6c6b18fc2cd0b091888c9d79a006625da940b906abc3bd223221268fa4512138373e68b905f1a898a31d520226e7a7b7891c692044c8b869092a0739b693c55d1b16ec669b301520e944084061f5fd546286257834a21942389e29512e04be479da801927234a641b8f2a002bef99bf1cfbd04462c10c3dea4242e80d98a1b585866e661c9af9d28720078f119c988f22810a4b8b0b9c9d3d6966599016764e3db1578e44b59d76ad3e011326e3c7344a030432c8d3fba9524a5210036ef442dd315bd236262fa1fefde805488e8fec5164448c867ad46f6165be9a10256be4de9c2548417237a6679959cc69fb8f11c84b20b69bd854a41dafe553ab750ddabd1b4fa534601379bf96fd6994121332db38a2f814263642f1fda8892c16ceee94dd85979bd5c010b5f93e6915235a1a778df735a9011b3737536004444ead7ca8c9e1985b746a421901bd13cd9ecd219c0486d72e31e9dfc46608964834ba9d75a4491882d7fdd7bd42033a27da8544046f3706db50c2a2232cc3c12a0b1a3609a64bb25c0f879a1176ada86cf344ba1a563160e4d1dca412b74860e06dbed42048993b726f4ca8a274e9488282f4df3ab419bd6a722e72542a4136f110414416f6b9e94d1a92127d7a5485898841a132dad95d694c818a623785f668061054225c752a499bba4eb563082259ef3bd0dc448613ee926f3676a9b8061d3b94121ca4377c6f457083388a4109c8b36c1e6d08512abb46ed2afe5def3fbefe22692d015172c7a5320eae8dce6a23101f65e5ce94a6224750d258b6a061e4a631644270345dcdf52d4ceed80c669b9061c68ad2015ca07739a492cdbe823b6fd28d0038595acab1ce86746a003b9b173b4fc6f419182a588346cfa35a0e66cb3eda3e74983c1481567aefdbc44444c163b011d647d1a042ec2e1a71d2a2a43325e0d9de8db912f0caf668422e0c46791a4112b1785bf24b532ccc9d0b935ea7a9517d67118a9cc30491d8ab643bab2ef74a360104fba194af1d553810a1300c7f2ad4ac120ca1bf6a6f6b8c88cfebd02ea632127938ed57fed5d3f9e21031a886531fe29266d99938a7bcb3699d1e3ad5dde1c984a0bc57617270f345d5a114737d5eb4d340375646d8abc0ae035e07b94a02232b6536a985c81d0a8419bf4dc9db6da9b930f012e3cd29441310ad8069453bd328a5059c88a7319860c98a955d27030794f8850d7326a4af414e193bb45d9f4a0c0073b54d8a37b1f1dca5291977278e6a2db990dc689cfb54d930c4d21099876a6e6a924f9ba528706984cd224011825e94d0e863c34793f9498cd8974e7af3597e3633af9d21306b07db19a844b0bc5e787f69468013b17e958c067a71e202400229d2e9a9090db498aba805d9209a3f15314d83b43cd426f01790c74a211b8c6fcbaf1ad2cc0d144b8348e2b0c9651b8439a95a0ae6164da8896361975ddf0d45643d022fa55d0a8d1193a52104449f6ae4d69872562dabe2593b34dc061818b151201309727bd0a64112a24f2a3618d430e8dbf67c4017bf9262f36eef7eb51999501893359cade6ff0029875e48d3bf58f3a6247705ead44320b0d29611989afe37f3a0d94c896bb2529120520de9ae482c709c7ecd195eb9cd9b67cb5a89003c8dfcea45ae621c734d8bc058d401b22db9a38f152e879286e0a6866d597298cad490f81eca1a2e7879b0d14c5211708e8f150aeda48cb679f7a5b2894b29eb59e1246759d1a0b0024353671b9dea7211adbd1461b179934e454080d45f57dd332c06519b2568601c7cd2a5bb6191d07ebd2c08b84184dca9b25b32ced480b523adf3525f1edfb60ea4c9dab54eeb120ea5bd29840b190602fb9a5214acdc19e714c6395ea461f28f0f131811f2a513b486edb157d20605813739a2324a0a864fbe2ad70b969f8a216cd234a0b0166c365f4e94299b079bb5248242da1d2d4885b8ca6607e75abb02241709bc6fbd58369859a291172cdee76dca98187a49fe54b11aac242f69a490cbc7a53d21e752a9428124d32d40195a2739a9f89640da602294241840894937cf87a5008222e2e4526f2d30baed4c0729966f6a1811a6633353f5cab6422122e6823cd1a4a591e54af72d1048280005771d3fc53286b323f3409ba8c58f9eb4ceda386cfcbd40ca006ac4d44be68fd9a131938571c3c510725814447fb41648a5207728424c59180c4b1e7521b4a117da9dd68752950c040ec98ac01b3d38f0ec9212107943e6af62c2edfec2ff008a12058339c349c5805b65a4465acebdb85e8d0a490fa530094020b6b5154ae8431f7cd4d190374da4354d3934a24a509c2e5abc050de0dba7fb4146080033dce19ed52d8931733fa68108055d1d1de88c2c502eb3f795022491c49a5259088468222790f4a113b6bcfa8548864270f92532c9805b8f44b5463270761cfafbf87601bca923a29058c64708e944144982c1398e37a42ec8b6b36c3b508120304a67ce8b6e3108dfece690933084d8a41072e1c735102520a326e39a0b4bae02d0e11ad8aa999b4bf54a2862cc96dc3484a55a6dd6cfc55b7826cafbd4488e6004b4ceb9a4055e27eb9a6220616d3721eb8ef4308620366df551a85ac0da9549002c8f58a5614458c8d9931cf8758484f3f0a23a199c46d48c96edc9cd38008d8076a3016095df9a69442e4346af3d280ce632c909f96f4492d9395fb50cc110c03ef4e725d2993e9bf9d4ccf00f1fca53d271f34c88044218752a055b0dd3b3c9eb51d86825e6e5e933490810beefb508930c240cbe79d29463a10cb2db5899a050cc9835a10c576cd393590d5fc96f2b1e91e1c84055843310bfcd42e83190d0ebef42569288c631eed025a4c300a012e19f71e8d205817c9ad0048c0cba3ea8063179b1cc6decd1a38ee1a7fb343056062238de92a8011a3d5c7b5115229b2acf46866e0a96a3628f21a7f68429009345bd6ac5891520f23da9caf4e2d1d29c04de8e53b37eb0f6a6c20ba9e7d0a9e8805861e65fd28dc2a17920f6a199ba5a218f9f0e7e96ca1112b72d26fc34d420244adfbfca9b0252f250c04de85e1dce6ad05c92309a2350c89885c3e78a496241d23cf73dea7bd8339a3b3c6cd1120712e1d63c8f2a1096328c5380541c0767e2a4caab78f352994b8b39cd4654512ba431125fd292466895216d9f868400128081d9e5a184af2921874a82b81af7d5dcbd5b90c6b15758c33274f3a4b84a832123173e69e8119b786ee7280de72d0b2483aacf76838a802761fb67b6d4b580da36a09410c243eb342b9d80cfeb7f3a9084a6d1af271560651c2ce4a5012c85361acd109137cad9e79d6989850de98cd05224b4502141321b3ef7a915c94b74c7156a6082cc90eb4880ac28de73fdef4b7bdad649a28249a3f82a629d7a3678b465e95044304c19ee558181ac6b4d54df10c541b2f533f1e7e1bb82b23d21a21520c63b219a11c5241756f3ad44011b7a7e5fed12459ba70716a18ab24807b538102fc27770e9450c872a3d513a988a3524bb439e4e7da8110c84ef06ff002542097479d02126c376d8bd1388269593671ed4e73898f166a2820e4d863ccf6a9110d49a509840331da84b25ce818f3c77a6990606711be4fe52dfa06cbcf3bd32b0b5d4099f32952254c37664a110464709e1abc01308990c9c6f4ee571c4f62766282263659a2edd294568e1dda0108c7174e1f49a52c08418531bcf35024830b9520fc90c3a5b0981e2f52a9595a65727edead4ca2f62f56db007a273ef59408254409fbcabd085f542ce14de589d3a71d68a2dcddcbc94ea413aa9a77c50f65499658d4c508896f14f3e540dbc59b96f6a1a7065bb709e19a5324488989e28919c05c42fb1504024026e747340a48de165b63d23c3502882a775d52c6e4086bd39a9e962ce18e3ef9a1e262ddc6840c6812d8d7d6819a3b0d53fad4d08c9852a5465ccba9ed4c2682cedfbf7a19001e7440dd9236de910c92664d7b9f254cd102d184ebb5380986c9109fda595263e4fff001ad242ad22989e2129b3d4889a3149531879628e4b39eeb130de293893721ce3ee890a60899fdbb4d89051e45148598ecb9e93e9e1a99910569c01f3516291bd5c1caf73929b8046064ea6d44ae5f7ab98b05e36474a8553205ae5b2a31aaaef1831c52890dae92f495d744586cf9a82aec381dfee9bb94ea88a2694133bad7b3ad3884436459876a0810911211a3ffc7357a392fa7e682422cb53056ef92811526c0e448a1a76682c1226d243de951be4cb9f237f5a8530d175fcb3408d8bf3992987b27a71e19bda974376d6eb7a5028a3588bd0297b13677a5769a9757d3ad012096b968d444d79e1a81111a068fbda81094a62c9b3cd336eb9170f341051bb57a07be31e0e4e298c291be66b5040c228045864dba8f7a62164d7acdfff009743086a64461493464dc8a45ca6d90ee54ddee977961ab6013d6be94f5b3b500d9621974a165b0ee627e3352acac1f869400e01d9cc77f7f0c90c93cb1b13b95132445d181b9d35a741069b95662c6a2dfbf4ab9084bfaf2f8a8965035173f62b688221aa35dbad01954bef3b9cd405c216181bfeda8738511048d29555b27d9a0354b4dc3a7477a9002e175a4896e8b26680d01754ea87f6dffdbfe0be0d4c7a49409241e96a5341c84d94cc101410e084bb8a4be1bd164b7e9a0c26d697468481c64b7ad07d4230bdd67f714220973c30a362e38d14000c291108ccd116c461fa8e5410095713582331d28977c4b49d93cfbd150225dafb54130244c325114936ed7f5a6b4a03716bc88eb5207005ce64de9060908be5a86850a4dc56cc7bd428ba76c4540064c26ca7ff004a660256c2e3e61404ae585488ff00b43a80531f3481309bbd69e529482d1292fb33e756b7861558ea36f6a593c421265fcbd6ac01b65a2ff3446e4e4b94d1f2f6f0c40ea125d1d9e948358cf348e2efc93678a021b3755d6d50e25a426b5603ca2997840b47739ab8099dbfb4281445eecf7a9645f96f6814605a47ad15a45e370d2cf0b6f8a8049ba2eb3b3535621189ebff00801395b59968e347bd132746e0767e1a695c6089b4c39a13215d905a766bc50408866588dbdaa088cda49b9acd498088d50e951b939291c5b1fef860caf725a61c87254d962c899475abb01d6e8ed4029345973dea1bb95abedd6895b9058b548548a9233daacd1c26fb9c7b540cade8b808536e4dbce8ca9c81f329150ca186d82ad82cb95ff4d3c6e56dee4e7f62a7a4334b527ff0e13e272772689d8850ea8fdcd015c99cdfee9ef0241956c434646c927207b91e74c2e8004f35010005af2c14c8620935d3335c368ea33e179c430086ecb403203031669414e042ed259c0d668140e56fd4e698c5411848ee2a4b47c944a702533d6dfb5a203020dc71c543381bae7ec3b563cc3bd41d88deda787e28a9390b53b6242fcb4c32303068cffe5b8c1922d26278c76a090600cb7a11048370312d0a40e47165c93924f2ab93ceae71ecd0233016047f1c52a620821e8715a52335a19f4f6f0b92b123b64d20b802b5e295c01c973cbe29dca41664bcd4408c43a74a10b341b68ee7a494162d79068951264245e73fda912937dc273b94016d8895d89db9d68ee9cbbf157831241135a524197d1d7de802923823b75ab0d11cef8ffc92974fa96fd1f9a9c4a2d9827cade957065e5287cf14d4d804b9a8bf58a859022dad3afad5ab7a59fe5a165057107f1a9f516250dba5af57db10efe16207bb2c9e5bf4fe559ab338d5a4925e6e3153245cddec35ebef9a493375cdce684c4431472f72d9cf7e9bd29c23619880dca9460228b6bd299a42e43384daad6ed1d1cc3cd59509bde95266d99c4d48825294cc4d4e4f5a30234b7bebff0093ea5c8e1a4ab7ca0cbfe7bd58e864b376a54cbb26a542c64b24e66359bf7ab4888dcca6904128efe6c545994b41045da8d8756d57f7dfc2d0416fe4b6163a33440b420379178faa8180831b473d2a4e064c19dca407823d9f251219af47ea968a11ed40c42d5e1b3c4f9524b2906e344ccca0f545240402741f7b50818c899db48de90508e97fd6a245088896dfd6a101611a2ce4fd6ffd30a2490a6461f2f6a63a805896d484c4811486a79582fb3d82fda9038d370ea7cd41577a242eecc795590412ca8f18a874929224917b7ad172d73c2b312a009c09ad260a143e6a75a007bc230f91444267834523240b86f4e0d340cf7e94308e08c9fe508d98b11acef4c16906f61e5f14328605065ccd242ba5b4d2aec2142fb2848a997cc3eea0ca0ce6f8a32a2e5bd1ff001ffa69ee686105cbfa77ab31a30cbdca0c336a49e67d540b8eca121adceb44aa71a663f88a02212ddbcf7a290044a3dead418486f7a97a361276acdb4f4f6f0a9c02e5c8db3fca760909bca668ae84db8c8efd7e292d0dc13029057564e1b7bd23a0366fc8788ad099426adbeaa1233ac6a6cd08b362d88d2812196302d1b3ced4418504c1bffb50ec3963f9502a0c9856cfdc53a17890661bef4a4362fbaa3e7ff6d6f59e2d79923acd5c0ab16252b04e265549209c890ae8a12524cb689d5a6382d98bcd2d409746a10ae29d1d1f8efe15610802922644af8fed0131a87879a2c32bdef8a280dc1232b652bb8da4581a23ad217b237da9c082569161cfb50a0eba21ba6c793d6a582cace13251d00d672342c85be5edd3eede91084bdf5a96417385675ab437e06778e37adf40b612111c7fedd9cd60cab3f0f6a812c0f4bc533646a675a9d4f0a00e4eb48db13225a97da37a9432f4733a3f7564717e84d5811811575a39836ba0b3e1463e5b5f2528042eb061f29eb56980ce52f358757731e5506d04db44be1d76a5490b113ed50a1117d94128a5cb0393caa28c6ff479a6c450ccdcd69d01408ce1a218911976367cd582405d862fbd591b23315044dc17c4a49d35ff00d8962088ea54b301c0b98d11ce2a11361327673aea521613903231cd23329a1d2f93a4fbd41002648b5bd2a094e1007d62808bb80279368ad03b30206dc9ede14bbc5d82a82a0bd43bd10a173a8367cf9d0cdd71523842cc6ca42980fe2f1b3402adc59932f4a01a5598a761b18771bf6a1b0aeb73fb4ce8c331876ab892008499b54088171d393e69096919e281c2a453cffc00b68c80f27dcee50bcaba7140c4c17d1de4f2a311100a8383263179e295410811193ad5d0081ad32e50116c635a460424c47358596636e3c2610854106001f6a126551176d1f74809026168f340d8488f964e1f4a21594ac9231422e61f4a24f503e479da90082968488764de8300902df8ab21261b7253005b8d88dff9a53130b3f1eb46544d8494c8310fe9f9a55b0813824463fe00b316876747ce8410b96b2e5110126d14a242440d7b34a1b819091229d28067ab749636a9132b943dea72dfa081e654680330f18f5479f84cc612285a1dc77288c109483037fba5950b6020bd4b1d61893d9352a011762727478a9019262ee9b5040886ed06e18c0c171cfca85812e8c450889831c75a8a03716bdf8a9ca58304d4eb485864b5d83e692d4984e244e9b513306a932b5bfbff0019046fc68ea0e9bf7a9428a4f421fba095c3a7b94e480662fbabb5cef520080589a9c990371be0ac2418c8c53599e80b1a839c533221226a784811d085ea51f7473d56e7cd15bb66c5b4138a0e128dcfed36224282cee3c56a15b5aa34fb6b530a61198e747ea8626e51bbbd4d8e6f70f9a016484cb5314394e14c4e9a4632dfa532c010c8feda9090daf68d76a511402726b73fe2d9950b6432794d424f1480c5a8cd6000294fc6b4ab6acb0b364ecc34a5208f0133d31344aba62056637f6a3313920c6979a2e40888808b4d0781a45996ff008f0915ce010f0c75bc5328c8bdf31b5472ce62177f271571304a0e1f54d4db6fb292443227034ebb542f20443270deff0035039b43ad00c81a0e36ab43d893b2f256082a92865fed10217959dca138c72e8dba53ace0b3b25448b091e367fc524be2a2f5dc395c3f6d579543328b6fd9a45e6f2612c942148168044c6cc9ed490927be40b192f4f208054879b59e2989212d4710d9ecd496358326b3c314224973c23690600212c3cf273446916b331c514ed8e9acd21ba40c68ad4787d288bce83f75a11954c6989ed4a20381bb1bf0d145af930fc9d1a21dc6ab79da998ccb2cb1cd182210b183938ff2844e8d1da8632489976fba14802174e1e28e24170d9997fc826cc4950272db33e74b2f26810f5f91448dc81144fad2eb9c4e970f523bd40b90865597b1a8db88b245f728cdb2cb3731594506028b493358be5587e3b7846eb07513a6d4630985a31cf076d2a6040300376a19252605c8d26298364b6fd7d5217088f0469922226cf5a4437ddd72adce68a822248981a251293281774a983895a4fd9a50022dfb629c59bb2275e288492e8f3a232557a10d9f8ff903cc379b25cf50a5520d28c8d1159285f0394d4f5a6039841b76db4b53c125b44ba539bde396a088125907fb490f03a668b95bc0261a94cbe00d5af661a2e5bc20200b5ef32a60c02492fa3bfcd2ce9192eb69d9dea09460c7d519534add5d8a9620621d9b753d694960ac33a54812cc49d3f5e844e5328cadfa71f35270c402320de7529dd58ac04e37f3bd4aa20e4e3111b512818d4b2ff1fe506204ce49cb4800a36969431ff338a4058df5f5bf7a8cc60586f4a96024b3c7f68a98d2dbc07224bef562ac24d4bdf1501aa036437f393b1520bdfe003d6923026c90fad06c00199d0fc76f0822886a6d95fe5482322d3aff0054a20208070276a2194c2de5b3c9eb4ae826642f0def50dc97c8ed59932ad70c9cd2831294092f5a5749d1f48a82124b647eaa658ddbc3a7f2865d84fbd36c0b31b9fb4a210e711acb4ab8af0cbd17fe67664ce0459ef148c2c6ea5a74a45d4b095064a50843c150b48820a019939a0a2252604c475a41188c192af0d5b434902c117139ed9f3a2fe0ed295f10aa192bd1a0ca0de6e51082c85c635dea108aed26699265520bf46ae4913aba50b60041f2fdf3568883c186198d1a0c42e5ad33bd1aace77de86e01eb3d9dcf6a7400b7be7f9cd41342e4bfad48b78baf3c3fad534410917968fdeb3ff32e25efb9442502626636eed400341b0dbb9a535c1e2d929f2c71ad28f014b1ed3ca3834ce84914095068ea9044626e096245404c2a83a0b7231685b4fb50363762d27a4181ce97e3b783ee1ce57684b50556218751f6a8048b0b9b3576274103fbf66893742363bef51d3309227eba77a4a0d8c891522f4b0491e9d6a229047622f938f9a9449f2f2a28e70c7cd240142363938f6a822098473d2aec8bac39a8e0c903d73ff49f046e37b31dc5a2ec64a066e54b04b6072d96d73421c1114292de4c68f6ad4a6704a4092334a5658bdb340f9301053774ad40248c0890f1808860962245cb136459ec72a070d08406d74cac088b12cad730feb783900ab01500912e3510480c8da8708b524dcec3b9eb4c13f8c63b51d2ce06acdd6e0191e1bdefbd5bd1126673b270d0a286a2f8fed305b4d633da890885cafd47150d68fd7a2f6925154868745b678e74a330620488690d10c17b5ffe864172ef2b3f0f6a5333005162ec21a043409c1945841a04b04948ca54d8304a6290ca02caa0954a519601a9db34a00560e4184684c9211110a99a436006c4858330a1fa54a913d0896933bd30e4c9c41fd8f0739205a49241d2a1844128e5b5099a0d6222ac48c8d74e685e2e49e2350dfdeae703ad180729da3f950adaddb9d63e3bd2d42a8a1ecbedacd44592a5ca0dc84c67b74a6b087126adfa55904df1cb3ad4e23126344d0b46240da3b3c73a536e8c11e6d1e5ff0040125c1b8d04f0fb8d330d220b0d491924c9e7499080368b5a8be9908b04ca08b063808528028159638f58a528606704e40a6f14a6941242500fca45309205645808a120820ec8603108c259dba115a1a427abf1e0efc9dd4242630581d8fdad670aca34631cbde89636d2a333a7edab0222544ba2737e31560a22027272fba4a307331778a826d8d9efbc3c54e041d6863419b41a2e9ef4a9b298641b3bf4a562e89dbb749db9a2510c8ff9562f63da85d48c997396e6db7fd5e336db9b62cda33d3c980838804c41828a66c4688153c8e50244598086717a3369b68189640890944362db2ac10232bd606e8535f96563216000d840a55a44cb37757cda38a204a3559f5f07218ca73691a548242d38e688997a46137d79e6842a8110bad9a1330ca686ada6ac0c27074eb42898c913d0db8d2ad9645924368a662525b5f5a2550b97927478f6a6640c08edb75a6142da7152298488c88efbd39826feefaedcd39b0a2ffca5282a2d7d2fff00604cf610a5cda00b46ae569238b0b01c0dfd6a34d169c405250d3b5a810560a0a49c46c016d389a5b630c8227021002a0ac17a500296e749db3e5e0f22565cf9a851644c64e5ab159b18637faa81606d7f0df1f4d2417351621dbad02916234f4e944965b245a22af58bab8c4bafc8a4312ac5d91a0516018704d68c9e4843c8f1ed41649b835cccd2428d4e27f795121b06a623936a660c5aeaf238f6a30616411d7fff000f07909298dcaf02112192e3415681865dd803d3c1e243f32a646c41adddc7b5111755a72d49e06250ee7a52d60202cced7df66a0259b43bec9a47ae6880c4032694caa82120c26c8d0ac5189203739e2ae141312172b44f499f47ee908cdb02b8febfda0320b3781711b8ef5041a4d4bdaa00e4b8d4de4d68965c5cf17c9c788944bb3eaa10a90810b56b38119038b693e5de9e058c5f5beb522f1bcce9c53955440d01fb5ac30b5697e79f7a10c66f7118b694202e0b2c5d76a37723701e7398c9ded4106133b68d19b8a08962c55f48480255f54b20645a091be9bd045c930baf5a0e8ba44f3e222248a5c0e956ae0ac6599b628cc5d23da24a912496d10d9e3daa446af20a1cca0d20a61c8b2eec0d3bf34046e4b8bf23c953087cc3345a066086ea8a0902e0b4351cee6b57b46ce85485c2e13879a6110db23796bd38a306245e5c14b4c22e719f11311050eb15639039d63c97ca9490321d7f6690219b80dce6885a90cf62d87f5a90c2dac55f37c8d2a7f725f5048f44de9d8ca65bf1c3502402fe435082c6e80887ea690583d11b98df72a0301578d1e68b0920ca4c4f1de80894bbc0bec7e9ad5862303a96b788a1a43e0a5049022f71359a4cf41dd7f8e7ce9642e2c0b3d28bcc46e64ebd6a443466c26cfc3da89a04c9c12f4d2804b09762dde86e10024e7e9a15672b831497b05c473ed42055ac4044a805c1ac1af273c50a17198db9f4a013112b3ed51496b5746173e7c444f0b29692003a44377a734cec01309839dca50cddb2afada818849628c47148c00f17a64103827987734df1526eb03da8433957473fed5c15901a727253e037b72ffba55d51a161266920cb6967f6d45001d8b082f6e78f2a000910eadbb5452c446077f113196c2609d14ef0a44461be476ac372032bab18a671b90fb725102166b56dd366a2372e852612fa22f45926fb1f9cecd2a48538351a70c99d247151c83228f66d421586ce47f6d4acca0662066d5c9b1fa6ac626773f7faab1a58b3b3b518f10b8b0ba454d024b05cbeb72902db7b3b47149081666f6a9503a0161b35a55593571878e68086e2d9864e7a52b8d801993779a6264276998ff5efd68c5837c477a9736d395d78a06354438ea6c95cea6e71fc6a10224d77ed503390b936acd4692dbfd7bd31432248f885c242a62e9a264ba8161f6a73633a2b6e948e1236bfec510bb8e51cd22189be77fe51758987e344c8241b5e2f595732c7ee94218cb5749f3ceb433005991b75a4052c02da892852e16799a480a82218bec9a5465a411d69b0c94312c55d3663ede21546372daf33e9461a7734a5d0059bfb52bd19acd76e28a26cd8c26d4122895b1b7f29e28948d04e691795b072dbfb56dc1828dd68c4d8ff006991741963af9a40b41406d0d59092190d38a5905cb2d807cedcd210cf58391bd5eb2c20c4f6a9dccfc5e2169b098c4c66a44dc81d16de7402c11a16ce95214846aedd1a08c8cba6cf1ed4c213d66294c441cd1a044222b678ebcd0134971bc3b3cedbd22924b805eb15c3826685a2cc1614c43cecf6a5420064e4752ac5a222d0c2352537728f31cd203280ebd1e6a16b1f17885426d4a6c38402456fbf4a4b91b975fd7342e32a18cb57902e5b3de840802d2e3af1b6d4db2ac48a982e692d2a4594815b83bfc519f21b265ecfc34e51902dfe52e80596d34962b60598c0bf3da923524e48bf3b51b885baf7ab06f21b9bd4199360ef6f10b83989b1bd9ac0ca6824c7d289a6113245b71d29019e2c2b5ecf1b34a2673c7ad0914bba6f522d81c7d1e3da95a51b8255d27633ef494a81102c36dc3347b126f32bd2fa9b34e695965e9518242120b50016610d84d078f6a814cd4688a571b3e66c734a5224a43a5bc421b90206e64e948885ad5f5a670852609b5b7a49609108489a9d285417c2397b2ed1afcd0840d4255720c5ed30cd13dac65c9cb8f6a90c82321d634a32ca4e8ed4651626ce1361b34c836e2897203c6ceb40af0882690475135d1a00100b97b6cf1ed4086208118a4aea5baf63c420c6bcb316b7d9401b66d70f1ed566d6448c5b6a42e88596f6a0212e265939dca9098c5be7cee6d4500120b2b2f31ad40898dafde9046352663878a6412068d06461585498d229f8a31a09a8f141400884a57b7d34705d6bb17e3cea592d3b9573b2147b73c7b53a7913e478854026275b952206f64def3bfad38472bde8787d29a178889a2e204acc3e8506ca4653910cf635a30bba8ecbbf0e8d5ee8d92db8a48209b8bb7e94a902084d1b3b9ed52b4622cbbd68c00b45a84cc25646e26b34026a9cf7fe79ab845b5cb54db29fae7f95f4ee9e21032a2319095ea504b9319efd2af0c8376fafcd4e48463f23c7b537940074a55046f0514b09911c23a26cd444ae39978bc6ceb4124e2dc7dfa5427b065271d78a71bdc9f46cf1ed423282056bd172488c89a714e0defd1367ea8c111b6abf9a14062cdce95a3fd1e2171a54264bbd37a24041b85311af0e34a72a1b8da7d6830517267bd4519217fd0f1ed481841612cd0ade64bcaef53932616213fb500f18a64971d36f2a18001026d7fddaad5601861b76a5059734c70f1ed4b0c135e77a62e2fa34245877b7d51d8802cd8e4fc8ada47d5e2184c64bc458fb94d24999d1779fe5045847a1c38a249208b60d4e7bd039896f2cba74da84ececd3d9e3da921a0c09392a289b6d93275a923126c8489b473b77a2d2062e978bc734e51212fc3fda5c152061cce9440c25b2cb9e3db3491220dc30db5e2b3c1beecf14b38191d30d5d6836ba7886d5850f3eca1219a580582a44372631c74a3070041eb38f6ac0bdc1abc52e269246f501089847c8f14a48b9abf91420893cb14ce648d9ca7a94620545ccb2f739abc6423a7ad01b04270e7ad2f49185bf5ee6e736a0bd62136764e28a9c972c94d792b7c8f10988d426462095001542c8d9372969045da296a8bf2e7b50b016bfbb38f6a8325860a5a2e4e630ed464c8fe078f6a91a34899a8c27111a45a9132af08d9229265926d37bbdaaeb025986af4e00becd5b09c0c5de38dca9d37ca140debf77678864304976f8bd0515474175f26f5382e9319137296206b6032527216673d9faa124895d2ff72b583362f9ab22174c5a685c40b7b678a88599947c9456c6cb8a67810f4e478a0071097f5fe504b3d73bd328e17e9513726195b9cd46d0194d6c7886c75ca1d5a33c82c66cf5a10e76da8e771d6a1e416e4db847ca998941d8d66b5822f19e23e2a42d0eff0078a0482353d2a4226cb0b488bba0f5f1ed41864e5b13fc69b85bec6f57514184ef6ab8806729e787b54d85bd32160919373eeadf06c74f10ccf6b6e4a6d4e1de74f359812fa8c7143024fad42f94094e38e2ae92faa6334c950348925a734630161bbebf348c43711eb4372af8c6bbd0b1de3d83b9356a4e2d9d6ced44021844a5d1d39a6d29030675f71a6ec59be8e9d9e35a40500c5f5669cf4fe2132048324ff0a0060448f1ca70fa50965e00574cfbd23382ee8b31bd4931614bf077298b3d18cdb323469740eceb522ec16648c3d69956d046e8e38f6a6222446574a0aa2252c6ff00dabd46733aeec7bc540360760e54a532168b937d2802b6129cf7a68e07a073ce83e7bd2a94cb8c90a7c7886211214e655fb3484466d2f07d520520020be9ee3e94c4f07ed570558099da80b4c2333dba7b502b6ac4cbde1172fbd2230858ba6824de872054598b50106e3c1b9c7b513094e76273422eb8235a8406cc5c9c8f1eb46f57d0c6dbd0926e16674e680112337d74a672cb027bbc42242e04ecc7e6a04881aa6bfcabe58322586239a409262c05ff008a00da436b9335280383ee802d437c99fd7152baf0ccd9e7a50857434a5d805843dea0228a51c3c9f252b03260188ef580613535ac68672e7befcd012a480b93879f46b7e50c2f4500495ce178854a538cdc83255c18026300fd7a50c2cb334b3b3736bfc51562c24e8e4fc8a16e657334486cb5236a36c4d1057a3738a3991648cc91b8ed4b2250e494152312088186db5285113bfb5e1df4684c8a38831fa68810c216c17ac1c4b838e2f15180584492afae6a62d42fabe7c425b16c1c1f9acd52cc0dc767351328b70607ed2ae234458a809d04285a34e89c1b71a527289da325a8b379325ca22f4998656e7d6b4f318a49d5f4d094da7ae89787dd64c866fc5208a090f8e3cb9f3a810cc74487855cb032c6bfb34888461e71e67149a98310c8631c78852eb0984d2402e48997f94503231b7273488186c76b6bdf8ab2d466487ca8880c53fd7a62982517ae4faf2a1b0098636a9563582ce9deb850c9b29e8a98655275276d8d0b008c89bf4a646cb99961fd6a8c5912fa21939d3a52bc04e751d6dee50b11b235b53548baf10814b1a6d884cbe2a2160990e1e950509ab89899e6ad3c4b969e7879a9935944b475e684d24809be79a985b84b9d694b725c961d7a0fbd38a5848e45a4760ae0585a44848a1f06c9410111667c9fed45c92275797345de32ce6981f9825d53d38a9884dd2e745a8815a2c4f0f5f10b55b8891a9ee282b0e15c75734b41bd844d76a192b0a2f7bad06967456dc3b6f40a694cb95b3f7ad4424437603cf14b82d2414b40cb2bc3b7d956fc791a2375846eb498100c0dfbb72a0ac86432adfa7b539090b9843b50df05ef945bde8414abd0710d9a5265b93af93e2131184aa1dac5084644236b54d096585c17caf535584dd6784528b61b04691bd5848304371e12af73721ae8f2e6ae57b66d6a8048bae027da8ad301fb1b8f4a68002c4dd84aca11a348e28502cd44e238a85804c05b747d5137aef37dea448b4de39a6218c2dd16febe210640d176bf6c349a32e0510378d17c73414902d992f8dc4d28929b597838dc9bd0498a244714224884e9f54a4d084093d471ed41904022c83b6c5a9d8201cdd3e54312a0b8cbd638752808a4539029008c809dd29160c969477d6920c110b11d4698ceb52c52ca744091981b5bc422c0406322c31f15098b5d36bf1c6f4a64026f040c7b5269196a5303692659fce29d5812a323c8edceb443198d46822d45d1b19a05bec800d5e1c69443004098bff71573ab8ead394ad3c9b39e35a5c59251bcdbaee55cb6591476e2a450910266337e2a404280bdb6773d4a2281e392264752de21564972dd5d1eb93bd149a0dcb1482b3b0f5436a61c83239540242bcb450dc6cc65b942225a7009bcfc501058b4acc437f5a4126208b7dea408b6cdb2cec78a824561889894ff006a499be4601a751c85cf72b5dc11b8fdd294059b37a98091b6a2edd6a358267503fc2777c4313c509f2734a2655d6d2fa0dbe1a108bb10e684980cc4ce926fa5a85c30854c833faf4ba09d6f95a8893224b286326cff0094b72624309b26e5a68a728795306dd6844d5888dc7ee86e2058888ea6cd17055d268737faa54cca308df14c30a9630b34d110979e5c9cd392444b687573c69ede22636930fba29339afb6871a269eb4f24c407e0d2c464491161c73ef4d08122c49753792802081144bcf2d4802a613f5bad2b51c4460d937da88e96867b5102604169cff00289c959856dc1db868444108be9bcd40d9867956438132f771b6f9dbc4bb8f06751d3735ab0a3123074e063e29c4c8134b950e8d022563b3cc5420531ab17388cd34f782cff29a7b9d9ecff1fe5421a95e495ecfdeb51c845686138ad8541827476a365058d73ece34a587311326cea3d7a67c4c31ee52257b723a9f30d2ff007484da366e7ecd259018133cf4a0cdc36f60fc3e750a11c41697f6a002e01569a456e6614489c9a957270be67973d6ad10174934d2a20a596f5fe5fa64000002c07807356c303bb58594091ee56394e6ba83158b3f68f41ad376a85023b66980e6510797ff0084282e4ed6e3b8d60b60166393877a404203a8244d48a0d8ec66bf6fb7c5413913f902a4570cea8a6f82309873fb4a7d32484977365b71b64000010069e022582651a42cf9c50995d9db841e4a3c34585d6561eabebaba687c59ef2e855b805de8b93a51ec326e4bc9b8eacfff008606f1187ddbaa61ed0ecc9a76723ad2266541b27dcd6a62370777cda7e286c11206780fdb54066e0085e81ee75c50000001a1e04b8b980b6031eb4423642700af35e747f435ec4beebcaa239b87df8b93a54ff53cb0c1d6f93c47ff00882d40b1e38dd45af02516c375a9562ba462ceaa26994645d18d037d7a64000080c1e05bb8292c90c9ac6694a10ad4c3262849ce874965f569988332565734bdc4888b0eadff00fc5d5e740bbf91d4fe50f0c71005ec6c79edff00f4b7ffd9, 'Плотная ткань\r\nСделано из переработанного полиэстера\r\nПластиковые бутылки и текстильные отходы перерабатываются в пластиковые пластинки и переплавляются в новые волокна\r\nЭто экономит воду и энергию, а также сокращает выбросы парниковых газов\r\n\r\nМатериал: 100% полиэстер', 0, 0, 1);
INSERT INTO `product` (`id`, `name`, `category_id`, `code`, `price`, `availability`, `brand`, `image`, `description`, `is_new`, `is_recommended`, `status`) VALUES
(46, 'Темно-Синий жакет из кожи', 13, 3252522, 110801, 1, 'Jeans', NULL, 'В это модели сочетается грация и стиль', 1, 1, 1);

-- --------------------------------------------------------

--
-- Структура таблицы `product_order`
--

CREATE TABLE `product_order` (
  `id` int(11) NOT NULL,
  `user_name` varchar(255) NOT NULL,
  `user_phone` varchar(255) NOT NULL,
  `user_comment` text NOT NULL,
  `user_id` int(11) DEFAULT NULL,
  `date` timestamp NOT NULL DEFAULT current_timestamp(),
  `products` text NOT NULL,
  `status` int(11) NOT NULL DEFAULT 1
) ENGINE=MyISAM DEFAULT CHARSET=utf8;

--
-- Дамп данных таблицы `product_order`
--

INSERT INTO `product_order` (`id`, `user_name`, `user_phone`, `user_comment`, `user_id`, `date`, `products`, `status`) VALUES
(47, 'Александрa', '89604776543', '0', 3, '2020-06-08 12:01:03', '2020', 3),
(48, 'Александр', '79876543722', 'Долго', 3, '2020-06-08 12:05:09', '{\"45\":1,\"44\":1,\"36\":1}', 2),
(49, 'vasya', '78976543544', 'вези скорее', 7, '2020-06-10 10:36:26', '{\"35\":1,\"45\":1,\"43\":1,\"41\":1}', 4),
(54, 'anton', '453534634636', '', 8, '2020-06-16 10:28:28', '{\"46\":1,\"45\":1,\"43\":1}', 1);

-- --------------------------------------------------------

--
-- Структура таблицы `user`
--

CREATE TABLE `user` (
  `id` int(11) NOT NULL,
  `name` varchar(255) NOT NULL,
  `email` varchar(255) NOT NULL,
  `password` varchar(255) NOT NULL,
  `role` varchar(255) DEFAULT NULL
) ENGINE=InnoDB DEFAULT CHARSET=utf8;

--
-- Дамп данных таблицы `user`
--

INSERT INTO `user` (`id`, `name`, `email`, `password`, `role`) VALUES
(3, 'Александра', 'alex@mail.com', '654321', NULL),
(4, 'Виктор Зинченко', 'goga@mail.com', '123456', NULL),
(5, 'Сергей', 'serg@mail.com', '111111', NULL),
(6, 'panin', 'pupok@test.ru', '123456', NULL),
(7, 'vasya', 'vasya@test.ru', '123456', NULL),
(8, 'anton', 'anton@mail.ru', '123456', NULL),
(14, 'name', 'name@mail.ru', '$2y$10$Bltz0XrpDj2CsEDca3El6egYt6UtVRNyPDgKF2ZUvYU2nzMggbfhy', 'admin');

--
-- Индексы сохранённых таблиц
--

--
-- Индексы таблицы `category`
--
ALTER TABLE `category`
  ADD PRIMARY KEY (`id`);

--
-- Индексы таблицы `product`
--
ALTER TABLE `product`
  ADD PRIMARY KEY (`id`);

--
-- Индексы таблицы `product_order`
--
ALTER TABLE `product_order`
  ADD PRIMARY KEY (`id`);

--
-- Индексы таблицы `user`
--
ALTER TABLE `user`
  ADD PRIMARY KEY (`id`);

--
-- AUTO_INCREMENT для сохранённых таблиц
--

--
-- AUTO_INCREMENT для таблицы `category`
--
ALTER TABLE `category`
  MODIFY `id` int(11) NOT NULL AUTO_INCREMENT, AUTO_INCREMENT=25;

--
-- AUTO_INCREMENT для таблицы `product`
--
ALTER TABLE `product`
  MODIFY `id` int(11) NOT NULL AUTO_INCREMENT, AUTO_INCREMENT=49;

--
-- AUTO_INCREMENT для таблицы `product_order`
--
ALTER TABLE `product_order`
  MODIFY `id` int(11) NOT NULL AUTO_INCREMENT, AUTO_INCREMENT=55;

--
-- AUTO_INCREMENT для таблицы `user`
--
ALTER TABLE `user`
  MODIFY `id` int(11) NOT NULL AUTO_INCREMENT, AUTO_INCREMENT=15;
COMMIT;

/*!40101 SET CHARACTER_SET_CLIENT=@OLD_CHARACTER_SET_CLIENT */;
/*!40101 SET CHARACTER_SET_RESULTS=@OLD_CHARACTER_SET_RESULTS */;
/*!40101 SET COLLATION_CONNECTION=@OLD_COLLATION_CONNECTION */;
